InputFile,Vertices,Edges,Alpha,Greedy  Search Value,Average Random  Search Value,Average Semi_Greedy  Search Value,Average Local Iteration Count,Average Local  Search Value,Grasp Iteration Count,Best Grasp Value,Best Known Upper Bound
G1,800,19176,0,11245,9571,11031,389,11359,20,11437,12078
,,,,,9579,11018,396,11369,50,11449,
,,,,,9600,11025,394,11368,100,11481,
,,,,,9590,11020,397,11366,500,11503,
,,,,,9587,11021,,11365,1000,11473,
,,,0.1,,9579,11027,385,11359,20,11460,
,,,,,9615,11023,391,11363,50,11445,
,,,,,9596,11025,393,11367,100,11462,
,,,,,9587,11026,394,11363,500,11484,
,,,,,9588,11024,396,11365,1000,11482,
,,,0.2,,9593,11032,384,11354,20,11460,
,,,,,9591,11026,392,11366,50,11447,
,,,,,9588,11036,391,11365,100,11479,
,,,,,9591,11033,394,11366,500,11474,
,,,,,9585,11031,,,1000,11504,
,,,0.3,,9578,11073,375,,20,11453,
,,,,,9587,11061,390,11375,50,11480,
,,,,,9601,11056,389,11370,100,11494,
,,,,,9591,,,11368,500,11487,
,,,,,9586,,390,11367,1000,11529,
,,,0.4,,9576,11084,371,11368,20,11484,
,,,,,9597,11099,374,11372,50,11443,
,,,,,9586,11095,380,11371,100,11455,
,,,,,9585,11100,381,11370,500,11491,
,,,,,,11096,382,,1000,11485,
,,,0.5,,9599,11134,361,,20,11445,
,,,,,9611,11146,367,11376,50,11468,
,,,,,9577,11145,373,,100,11473,
,,,,,9587,11146,372,11373,500,11489,
,,,,,,11147,,,1000,11496,
,,,0.6,,9582,11184,355,11366,20,11424,
,,,,,9590,11196,363,11377,50,11459,
,,,,,9603,11188,357,11376,100,11484,
,,,,,9586,11191,363,11379,500,11483,
,,,,,9585,11193,,11377,1000,11503,
,,,0.7,,9616,11211,346,11376,20,11481,
,,,,,9603,11215,355,11379,50,11480,
,,,,,9580,11221,359,11382,100,11465,
,,,,,9588,11222,,,500,11514,
,,,,,9585,,,11381,1000,11501,
,,,0.8,,9575,11238,346,11384,20,11462,
,,,,,9581,11243,350,11382,50,11461,
,,,,,9589,11237,356,11384,100,11486,
,,,,,9588,11242,354,11385,500,11509,
,,,,,9587,11240,356,,1000,11515,
,,,0.9,,9595,11262,345,11382,20,11463,
,,,,,9577,,348,11381,50,11481,
,,,,,9590,11258,350,11388,100,11479,
,,,,,9586,11256,352,11385,500,11492,
,,,,,9588,11255,351,11384,1000,11505,
,,,1,,9602,11246,336,11374,20,11488,
,,,,,9610,11262,339,11380,50,11497,
,,,,,9581,11267,351,11389,100,11499,
,,,,,9588,11261,350,11386,500,11509,
,,,,,9589,11262,,11384,1000,11517,
G10,,,0,1582,-90,1383,392,1749,20,1841,
,,,,,-84,1381,389,1739,50,1846,
,,,,,-83,1372,396,1743,100,1841,
,,,,,-73,1376,398,1744,500,1890,
,,,,,-78,1379,399,1741,1000,1877,
,,,0.1,,-100,1377,393,1748,20,1849,
,,,,,-66,1371,397,1746,50,1843,
,,,,,-87,1379,400,1743,100,1847,
,,,,,-84,1381,397,1741,500,1856,
,,,,,-79,1382,398,1744,1000,1875,
,,,0.2,,-77,1388,382,,20,1823,
,,,,,-80,1377,394,1739,50,1844,
,,,,,-74,1378,,1741,100,1836,
,,,,,-87,,399,1744,500,1864,
,,,,,-77,,398,1742,1000,1878,
,,,0.3,,-93,1374,389,1738,20,1830,
,,,,,-91,1377,398,1746,50,1822,
,,,,,-83,1376,394,1739,100,1846,
,,,,,,1380,400,1745,500,1871,
,,,,,-80,1384,398,1744,1000,1867,
,,,0.4,,-69,1401,386,,20,1831,
,,,,,-71,1390,389,1741,50,1806,
,,,,,-80,1397,,1742,100,1888,
,,,,,-84,1398,393,1743,500,1880,
,,,,,-77,1396,395,1744,1000,1878,
,,,0.5,,-72,1418,372,1739,20,1826,
,,,,,-69,1431,381,1748,50,1838,
,,,,,-85,1433,,1738,100,1849,
,,,,,-80,1434,387,1745,500,1874,
,,,,,-79,1435,,,1000,1935,
,,,0.6,,-82,1498,373,1757,20,1851,
,,,,,-72,1501,376,1759,50,1842,
,,,,,-77,1494,372,1742,100,1843,
,,,,,-79,1492,375,1746,500,1892,
,,,,,-82,1495,,1749,1000,1862,
,,,0.7,,-94,1544,365,1759,20,1826,
,,,,,-82,1543,368,1756,50,1864,
,,,,,-84,,366,1758,100,1862,
,,,,,-81,1541,,1751,500,1881,
,,,,,-78,1538,368,1754,1000,1884,
,,,0.8,,-70,1577,354,1758,20,1839,
,,,,,-62,1569,357,1751,50,1841,
,,,,,-82,1566,363,1755,100,1873,
,,,,,-79,1569,362,1757,500,1879,
,,,,,-80,1567,363,1755,1000,1885,
,,,0.9,,-68,1592,351,1760,20,1864,
,,,,,-81,1591,355,1755,50,1861,
,,,,,-72,1594,353,1758,100,1845,
,,,,,-79,1590,358,,500,1900,
,,,,,-82,1589,,1759,1000,1876,
,,,1,,-58,1595,353,1763,20,1811,
,,,,,-99,1596,357,1759,50,1865,
,,,,,-83,1593,355,1753,100,1860,
,,,,,-84,1600,356,1759,500,1889,
,,,,,-81,1599,,1758,1000,1917,
G11,,1600,0,496,16,407,97,434,20,462,627
,,,,,13,411,99,435,50,,
,,,,,19,,98,436,100,476,
,,,,,16,,99,435,500,,
,,,,,17,,,,1000,474,
,,,0.1,,21,415,96,438,20,464,
,,,,,18,413,98,437,50,,
,,,,,,411,99,436,100,466,
,,,,,16,,100,435,500,478,
,,,,,,412,99,,1000,476,
,,,0.2,,17,413,95,434,20,,
,,,,,20,,99,438,50,474,
,,,,,19,410,98,433,100,464,
,,,,,16,411,99,435,500,474,
,,,,,17,,,,1000,478,
,,,0.3,,16,413,96,434,20,464,
,,,,,15,412,99,436,50,466,
,,,,,16,,,437,100,468,
,,,,,17,,,435,500,476,
,,,,,18,413,,436,1000,,
,,,0.4,,14,418,98,439,20,478,
,,,,,18,414,97,436,50,464,
,,,,,17,417,98,437,100,472,
,,,,,16,415,99,436,500,478,
,,,,,17,,,,1000,480,
,,,0.5,,10,421,97,437,20,462,
,,,,,19,,98,440,50,474,
,,,,,15,422,,438,100,476,
,,,,,,425,,439,500,486,
,,,,,16,424,,,1000,482,
,,,0.6,,18,452,93,449,20,,
,,,,,,449,94,446,50,496,
,,,,,16,450,95,447,100,492,
,,,,,18,,,,500,500,
,,,,,16,449,96,,1000,496,
,,,0.7,,14,471,92,454,20,500,
,,,,,,469,94,455,50,496,
,,,,,16,471,,,100,502,
,,,,,,470,,454,500,504,
,,,,,17,,,,1000,520,
,,,0.8,,22,474,91,457,20,500,
,,,,,15,476,94,459,50,504,
,,,,,18,,93,457,100,506,
,,,,,16,477,94,,500,512,
,,,,,17,476,,,1000,510,
,,,0.9,,16,485,93,462,20,,
,,,,,15,483,92,457,50,506,
,,,,,18,482,,458,100,508,
,,,,,,,94,459,500,512,
,,,,,17,,93,,1000,518,
,,,1,,20,481,92,460,20,502,
,,,,,13,,93,458,50,506,
,,,,,15,483,,460,100,,
,,,,,17,482,,459,500,514,
,,,,,,,94,,1000,516,
G12,,,0,476,0,396,99,426,20,452,621
,,,,,-3,397,100,424,50,454,
,,,,,,396,101,,100,456,
,,,,,-1,397,,,500,462,
,,,,,,396,,,1000,464,
,,,0.1,,-2,398,99,,20,450,
,,,,,0,397,100,425,50,,
,,,,,-2,398,101,424,100,468,
,,,,,,396,102,423,500,466,
,,,,,0,397,101,424,1000,462,
,,,0.2,,2,398,99,425,20,456,
,,,,,0,399,100,424,50,,
,,,,,-6,396,102,423,100,454,
,,,,,-2,,101,,500,460,
,,,,,-3,397,102,424,1000,462,
,,,0.3,,0,401,98,425,20,450,
,,,,,-1,399,100,426,50,460,
,,,,,2,396,,423,100,464,
,,,,,-1,397,101,424,500,,
,,,,,,,,,1000,460,
,,,0.4,,,,97,423,20,450,
,,,,,0,401,99,424,50,464,
,,,,,2,400,,425,100,460,
,,,,,-1,401,101,,500,466,
,,,,,-2,,,,1000,464,
,,,0.5,,,411,98,427,20,466,
,,,,,0,409,99,428,50,472,
,,,,,-3,411,,,100,464,
,,,,,-2,409,100,427,500,468,
,,,,,,,,,1000,478,
,,,0.6,,0,440,95,439,20,476,
,,,,,,437,96,436,50,484,
,,,,,-3,435,98,435,100,486,
,,,,,0,436,97,436,500,488,
,,,,,-1,,98,,1000,,
,,,0.7,,1,458,95,447,20,492,
,,,,,-2,459,96,446,50,,
,,,,,-5,456,97,444,100,490,
,,,,,-1,458,96,,500,502,
,,,,,-2,457,97,,1000,498,
,,,0.8,,6,461,92,443,20,490,
,,,,,0,460,95,446,50,,
,,,,,,461,,,100,494,
,,,,,-1,463,96,,500,506,
,,,,,-2,462,,,1000,500,
,,,0.9,,-5,473,,452,20,498,
,,,,,0,472,93,447,50,496,
,,,,,-2,473,95,450,100,506,
,,,,,,472,96,,500,,
,,,,,-1,,,,1000,508,
,,,1,,1,469,91,444,20,498,
,,,,,-3,472,95,448,50,504,
,,,,,-4,,96,451,100,500,
,,,,,-2,,,450,500,510,
,,,,,-1,,,,1000,508,
G13,,,0,520,17,419,99,445,20,480,645
,,,,,12,,102,447,50,,
,,,,,15,417,103,448,100,478,
,,,,,18,418,102,447,500,486,
,,,,,16,,103,,1000,490,
,,,0.1,,14,413,101,445,20,470,
,,,,,18,422,,448,50,492,
,,,,,16,418,102,446,100,476,
,,,,,17,,,447,500,496,
,,,,,15,,103,,1000,492,
,,,0.2,,18,415,100,,20,472,
,,,,,20,417,101,,50,474,
,,,,,,418,,,100,480,
,,,,,17,,103,,500,488,
,,,,,,,102,,1000,492,
,,,0.3,,14,423,100,449,20,472,
,,,,,18,420,,447,50,482,
,,,,,20,419,101,448,100,,
,,,,,16,418,103,447,500,490,
,,,,,,420,,448,1000,496,
,,,0.4,,10,423,100,,20,478,
,,,,,9,424,103,,50,480,
,,,,,16,,101,449,100,486,
,,,,,17,423,102,448,500,490,
,,,,,16,422,,,1000,488,
,,,0.5,,12,434,99,453,20,486,
,,,,,,432,102,452,50,494,
,,,,,16,431,101,451,100,490,
,,,,,17,433,,,500,502,
,,,,,16,431,,,1000,498,
,,,0.6,,11,461,97,461,20,502,
,,,,,14,,98,460,50,514,
,,,,,18,460,97,459,100,504,
,,,,,16,,99,460,500,516,
,,,,,,,,459,1000,522,
,,,0.7,,20,484,93,466,20,516,
,,,,,16,,96,468,50,,
,,,,,17,483,97,469,100,,
,,,,,18,,96,467,500,528,
,,,,,,482,97,468,1000,524,
,,,0.8,,,489,94,470,20,520,
,,,,,19,,95,,50,518,
,,,,,16,,96,,100,528,
,,,,,,,97,,500,,
,,,,,15,488,,,1000,,
,,,0.9,,14,498,94,473,20,524,
,,,,,18,495,95,,50,522,
,,,,,15,496,96,,100,524,
,,,,,17,495,,472,500,530,
,,,,,,,,,1000,534,
,,,1,,23,494,93,474,20,518,
,,,,,18,,94,471,50,522,
,,,,,20,496,95,472,100,526,
,,,,,16,495,96,473,500,530,
,,,,,17,,,472,1000,538,
G14,,4694,0,2964,2350,2868,155,2930,20,2949,3187
,,,,,2339,,156,2927,50,2958,
,,,,,2346,2867,157,2929,100,2963,
,,,,,2347,,158,,500,2970,
,,,,,,,,2930,1000,2969,
,,,0.1,,2357,2912,144,2939,20,2973,
,,,,,2344,,148,2937,50,2980,
,,,,,,2913,149,2938,100,2979,
,,,,,2345,2912,150,2939,500,2988,
,,,,,2347,,149,2938,1000,2984,
,,,0.2,,2352,2926,142,2941,20,2980,
,,,,,2348,2925,145,2940,50,2988,
,,,,,2344,2923,146,,100,2982,
,,,,,2346,2924,147,2942,500,2998,
,,,,,2348,2925,,,1000,2992,
,,,0.3,,2347,2935,144,,20,2983,
,,,,,2357,2933,142,2943,50,2984,
,,,,,2341,,145,2944,100,2985,
,,,,,2349,,,2943,500,2992,
,,,,,2348,2932,,,1000,2995,
,,,0.4,,,2934,143,2942,20,2987,
,,,,,,2935,144,2944,50,3001,
,,,,,2343,2934,145,2943,100,2986,
,,,,,2344,2935,,2944,500,3001,
,,,,,2347,,,,1000,3000,
,,,0.5,,2352,2937,141,2942,20,2985,
,,,,,2345,2938,144,2944,50,2991,
,,,,,2340,2937,145,2946,100,2987,
,,,,,2348,,144,2944,500,3000,
,,,,,2347,2938,145,2945,1000,2995,
,,,0.6,,2352,2941,141,2944,20,2985,
,,,,,2341,2939,144,2943,50,3001,
,,,,,2340,2940,145,2945,100,2991,
,,,,,2346,2939,144,,500,3000,
,,,,,2348,2940,,,1000,3004,
,,,0.7,,2356,2941,142,,20,2984,
,,,,,2344,,,,50,2990,
,,,,,,2943,144,2947,100,2994,
,,,,,,,,2946,500,,
,,,,,2346,,,,1000,3000,
,,,0.8,,2336,2948,140,,20,2991,
,,,,,2343,2944,142,2945,50,2985,
,,,,,2350,,,,100,2991,
,,,,,2346,2945,143,2946,500,3003,
,,,,,2347,,,,1000,3000,
,,,0.9,,2348,2946,138,,20,2987,
,,,,,2349,2947,140,,50,2994,
,,,,,2343,2946,143,,100,3000,
,,,,,2346,2944,,2945,500,3001,
,,,,,,2946,,2946,1000,3013,
,,,1,,2336,2944,142,2942,20,2993,
,,,,,2353,2946,,2946,50,2990,
,,,,,2349,,,2947,100,2995,
,,,,,,2945,143,2946,500,,
,,,,,2347,2946,,,1000,3001,
G15,,4661,0,2931,2334,2848,156,2910,20,2940,3169
,,,,,2323,2851,157,,50,2947,
,,,,,2328,2850,159,2912,100,2954,
,,,,,2332,2849,,2911,500,2951,
,,,,,2328,,160,,1000,2954,
,,,0.1,,2331,2897,148,2921,20,2965,
,,,,,2330,2893,,2919,50,2959,
,,,,,2335,2895,150,2921,100,2971,
,,,,,2330,2894,151,,500,2973,
,,,,,2329,,,2920,1000,2970,
,,,0.2,,2322,2903,145,,20,2957,
,,,,,2325,,149,2922,50,2969,
,,,,,2328,2905,,2923,100,2966,
,,,,,2332,,,,500,2973,
,,,,,2331,,,,1000,2979,
,,,0.3,,2328,2914,145,2925,20,2962,
,,,,,2329,2913,,,50,2968,
,,,,,2327,2914,147,,100,2973,
,,,,,2331,2913,,,500,2975,
,,,,,,,148,,1000,2980,
,,,0.4,,2314,2914,145,,20,2970,
,,,,,2324,2915,,2924,50,2965,
,,,,,2333,,146,2925,100,2976,
,,,,,2330,2916,147,2926,500,2973,
,,,,,2331,2915,,,1000,2981,
,,,0.5,,2333,2917,145,2927,20,2966,
,,,,,2334,2916,147,,50,2974,
,,,,,2335,2917,144,2925,100,2973,
,,,,,2334,,145,2926,500,2975,
,,,,,2330,,146,,1000,2980,
,,,0.6,,2332,2916,144,2924,20,2962,
,,,,,2326,2917,147,2926,50,2981,
,,,,,2325,2918,,,100,2968,
,,,,,2329,,146,,500,2978,
,,,,,2331,,,,1000,,
,,,0.7,,2335,2917,139,2924,20,2964,
,,,,,2328,2919,145,2928,50,2974,
,,,,,2329,2921,144,2926,100,2980,
,,,,,,2920,146,,500,2979,
,,,,,2331,,,,1000,2991,
,,,0.8,,2339,2924,139,,20,2971,
,,,,,2323,2923,145,2925,50,2969,
,,,,,2333,2922,143,,100,2970,
,,,,,2329,2923,145,2927,500,2982,
,,,,,,,,,1000,2980,
,,,0.9,,2338,2922,143,2926,20,2963,
,,,,,2335,2926,144,2928,50,2982,
,,,,,2333,2923,,2927,100,2975,
,,,,,2331,,145,,500,2981,
,,,,,,,,,1000,2984,
,,,1,,2335,,143,2928,20,2965,
,,,,,2332,,144,2926,50,2981,
,,,,,2333,2924,,2927,100,2978,
,,,,,2328,2923,146,,500,2980,
,,,,,2331,2922,145,2926,1000,2985,
G16,,4672,0,2942,2351,2859,151,2917,20,2952,3172
,,,,,2333,2854,156,2916,50,2950,
,,,,,2334,2853,158,2914,100,2948,
,,,,,2337,2854,,2915,500,2951,
,,,,,,,,,1000,2952,
,,,0.1,,2336,2898,148,2924,20,2955,
,,,,,2342,,147,,50,2968,
,,,,,2337,2897,148,,100,2961,
,,,,,,2899,150,2925,500,2977,
,,,,,2335,,,,1000,2975,
,,,0.2,,2338,2909,144,,20,2957,
,,,,,2329,2905,148,2928,50,2966,
,,,,,2333,2910,,,100,2967,
,,,,,2337,,147,,500,2984,
,,,,,2336,2909,148,,1000,2974,
,,,0.3,,2341,2920,143,2930,20,2973,
,,,,,2339,2918,144,,50,2980,
,,,,,2335,2917,148,2929,100,2975,
,,,,,2336,,147,,500,2981,
,,,,,2337,,,2930,1000,2979,
,,,0.4,,2329,2925,146,2933,20,,
,,,,,2342,2919,144,2929,50,2980,
,,,,,2332,2920,146,2930,100,2975,
,,,,,2337,,,,500,2983,
,,,,,2334,2919,147,,1000,2988,
,,,0.5,,2345,2922,140,2929,20,2968,
,,,,,2335,2920,146,2931,50,2969,
,,,,,2337,2923,,2932,100,2977,
,,,,,2336,2922,,2931,500,2985,
,,,,,2333,,,,1000,,
,,,0.6,,2337,2923,141,2929,20,2971,
,,,,,2332,2924,145,2932,50,2981,
,,,,,2333,,,,100,2978,
,,,,,2334,2923,146,2931,500,2981,
,,,,,2335,2924,,,1000,2984,
,,,0.7,,2331,2927,141,2934,20,2979,
,,,,,2333,,143,2932,50,2973,
,,,,,2330,2926,144,2931,100,2984,
,,,,,2335,2924,145,2932,500,2988,
,,,,,,2926,,,1000,,
,,,0.8,,2337,2932,139,,20,2986,
,,,,,2322,2927,147,2934,50,2975,
,,,,,2333,2926,144,2931,100,2979,
,,,,,2337,2928,145,2932,500,2981,
,,,,,2335,,144,,1000,2988,
,,,0.9,,2334,2927,140,2929,20,2982,
,,,,,2350,2928,142,2933,50,2988,
,,,,,2337,2927,144,2932,100,2977,
,,,,,2338,,,,500,2983,
,,,,,2335,2928,,,1000,2985,
,,,1,,2329,2931,145,2935,20,2987,
,,,,,2347,2927,142,2933,50,2980,
,,,,,2335,2928,144,2932,100,2985,
,,,,,2336,2927,145,,500,2987,
,,,,,,2928,144,,1000,2984,
G17,,4667,0,2939,2332,2847,157,2912,20,2940,
,,,,,2333,2850,159,2913,50,2941,
,,,,,,,161,,100,2965,
,,,,,2335,2852,160,2914,500,2959,
,,,,,2334,2851,,2913,1000,2957,
,,,0.1,,2329,2893,149,2918,20,2956,
,,,,,2335,,151,2923,50,2968,
,,,,,2332,,,2922,100,2966,
,,,,,,2895,152,,500,,
,,,,,2331,2894,,,1000,2980,
,,,0.2,,2337,2907,146,2925,20,2966,
,,,,,2338,2904,151,,50,2965,
,,,,,2335,2907,149,,100,2978,
,,,,,2331,2905,150,,500,2974,
,,,,,2332,,,,1000,2973,
,,,0.3,,,2910,146,2926,20,2965,
,,,,,2328,2914,147,,50,2967,
,,,,,2330,2912,149,,100,2976,
,,,,,2334,2913,,2927,500,2973,
,,,,,2333,,,,1000,2980,
,,,0.4,,2323,2912,146,,20,2965,
,,,,,2326,2918,147,,50,2975,
,,,,,2332,2915,149,2928,100,2979,
,,,,,2330,,,2927,500,2976,
,,,,,2334,,148,,1000,2979,
,,,0.5,,2341,2917,142,,20,2965,
,,,,,2330,2915,147,2926,50,2967,
,,,,,2332,2916,148,2927,100,2970,
,,,,,2334,,,,500,2975,
,,,,,2331,2917,,2928,1000,2982,
,,,0.6,,2339,2913,141,2923,20,2965,
,,,,,2333,2921,149,2931,50,2975,
,,,,,2335,2918,147,2927,100,2976,
,,,,,2334,2919,148,2928,500,,
,,,,,2336,,147,,1000,2982,
,,,0.7,,2329,,144,2926,20,2965,
,,,,,2340,2921,,2927,50,2981,
,,,,,2335,2923,147,2930,100,2979,
,,,,,2331,2921,,2928,500,2973,
,,,,,2333,2922,,2929,1000,2982,
,,,0.8,,2326,2925,144,2927,20,2974,
,,,,,2339,2924,145,2930,50,2979,
,,,,,2336,2925,,2928,100,2977,
,,,,,2332,2924,146,2929,500,2981,
,,,,,,,,,1000,2982,
,,,0.9,,2335,2923,,2931,20,2974,
,,,,,2328,,144,2928,50,2973,
,,,,,2331,2924,145,2929,100,2974,
,,,,,2333,,146,,500,2980,
,,,,,,2923,,,1000,2981,
,,,1,,2321,2924,142,2927,20,2971,
,,,,,2324,2925,146,2928,50,2980,
,,,,,2331,2924,147,2929,100,2970,
,,,,,2334,2925,146,,500,2980,
,,,,,2332,2924,,,1000,,
G18,0,749,37,700,196,834,20,877,,,
,,,34,699,198,828,50,889,,,
,,,32,,199,830,100,879,,,
,,,33,705,201,832,500,894,,,
,,,30,702,,,1000,893,,,
,0.1,,32,701,200,835,20,888,,,
,,,29,704,201,831,50,,,,
,,,34,706,,832,100,904,,,
,,,30,703,200,830,500,889,,,
,,,31,704,,831,1000,893,,,
,0.2,,49,709,194,833,20,872,,,
,,,23,705,198,830,50,881,,,
,,,29,703,199,831,100,874,,,
,,,33,704,200,,500,892,,,
,,,32,703,,830,1000,901,,,
,0.3,,,718,198,839,20,877,,,
,,,,701,200,829,50,880,,,
,,,30,704,,830,100,896,,,
,,,35,,,832,500,899,,,
,,,31,,,831,1000,893,,,
,0.4,,21,711,199,,20,879,,,
,,,35,717,200,835,50,888,,,
,,,28,713,198,,100,898,,,
,,,35,,,833,500,887,,,
,,,33,,199,,1000,908,,,
,0.5,,42,737,188,837,20,899,,,
,,,31,731,192,835,50,882,,,
,,,30,737,195,839,100,883,,,
,,,,731,197,836,500,913,,,
,,,32,732,196,,1000,909,,,
,0.6,,41,765,184,843,20,886,,,
,,,31,777,189,849,50,901,,,
,,,24,769,192,843,100,903,,,
,,,33,772,190,845,500,921,,,
,,,30,768,,843,1000,917,,,
,0.7,,35,790,182,847,20,894,,,
,,,32,798,184,851,50,910,,,
,,,30,800,181,848,100,903,,,
,,,,799,185,849,500,915,,,
,,,32,,,,1000,,,,
,0.8,,36,819,176,848,20,919,,,
,,,31,,177,851,50,915,,,
,,,33,823,180,854,100,922,,,
,,,29,821,182,855,500,923,,,
,,,34,820,181,854,1000,931,,,
,0.9,,30,843,171,856,20,924,,,
,,,41,841,176,861,50,929,,,
,,,26,836,179,854,100,922,,,
,,,33,,,857,500,934,,,
,,,32,837,178,,1000,933,,,
,1,,43,835,174,856,20,912,,,
,,,33,839,176,857,50,931,,,
,,,29,838,177,,100,912,,,
,,,32,839,178,858,500,932,,,
,,,31,840,,857,1000,938,,,
G2,800,19176,0,11233,9601,11025,383,11364,20,11450,12084
,,,,,9581,11029,392,11371,50,11477,
,,,,,9594,11018,389,11366,100,11478,
,,,,,9586,11026,390,11370,500,11504,
,,,,,9589,11023,391,11368,1000,11497,
,,,0.1,,9592,11035,388,11378,20,11461,
,,,,,9597,11031,385,11368,50,11476,
,,,,,9594,11023,391,11371,100,11478,
,,,,,9588,11028,390,11367,500,11480,
,,,,,9584,11030,,11369,1000,11482,
,,,0.2,,9578,11036,377,11364,20,11441,
,,,,,,11041,389,11374,50,11465,
,,,,,9588,11038,384,11367,100,11469,
,,,,,9583,11033,389,11369,500,11471,
,,,,,9585,11035,388,11368,1000,11488,
,,,0.3,,9609,11051,373,11366,20,11428,
,,,,,9582,11060,382,11375,50,11462,
,,,,,9576,11056,384,11368,100,11468,
,,,,,9587,11061,,11371,500,11500,
,,,,,9586,11059,383,11370,1000,11517,
,,,0.4,,9606,11110,367,11377,20,11469,
,,,,,9578,11108,371,,50,11474,
,,,,,,11105,374,11372,100,11475,
,,,,,9589,11104,375,11374,500,11486,
,,,,,,11100,376,11373,1000,11515,
,,,0.5,,9623,11142,356,11377,20,11446,
,,,,,9582,11163,365,11376,50,11468,
,,,,,9591,11155,361,11375,100,11482,
,,,,,9590,11151,365,,500,11511,
,,,,,9587,11148,367,,1000,11492,
,,,0.6,,9577,11197,358,11387,20,11454,
,,,,,9573,11205,356,11381,50,11470,
,,,,,9587,11197,355,11376,100,11474,
,,,,,9591,11200,356,11382,500,11480,
,,,,,9587,11198,358,11381,1000,11502,
,,,0.7,,9560,11226,348,11384,20,11510,
,,,,,9584,,350,11379,50,11465,
,,,,,9575,11224,354,11384,100,11526,
,,,,,9589,11226,351,11385,500,11514,
,,,,,9586,,353,11387,1000,11523,
,,,0.8,,9585,11239,342,11381,20,11483,
,,,,,9573,11254,347,11390,50,11481,
,,,,,9592,11244,346,11384,100,11475,
,,,,,9590,,349,11386,500,11497,
,,,,,9589,11242,,11385,1000,11502,
,,,0.9,,9586,11255,345,11386,20,11490,
,,,,,9583,11266,341,11393,50,11478,
,,,,,9577,11263,347,,100,11474,
,,,,,9587,11257,346,11388,500,11532,
,,,,,9588,11258,,11387,1000,11528,
,,,1,,9587,11255,332,11372,20,11466,
,,,,,9593,11268,340,11392,50,11504,
,,,,,9586,11266,342,11390,100,11473,
,,,,,9588,11267,345,11389,500,11494,
,,,,,9587,,,,1000,11519,
G22,2000,19990,0,12817,9985,12346,678,12806,20,12888,14123
,,,,,9996,12352,696,12820,50,12926,
,,,,,9979,12349,697,12815,100,12925,
,,,,,9995,12356,,12817,500,12943,
,,,,,9992,12355,698,,1000,12960,
,,,0.1,,10007,12411,671,12829,20,12929,
,,,,,9973,12378,693,12820,50,12923,
,,,,,9993,12382,689,12819,100,12938,
,,,,,9996,12381,692,12821,500,12962,
,,,,,9998,12384,,,1000,12972,
,,,0.2,,10003,12434,669,12822,20,12957,
,,,,,10014,12416,674,12825,50,12937,
,,,,,9998,12427,679,12822,100,12915,
,,,,,9996,12424,683,12826,500,12954,
,,,,,9997,12425,684,12827,1000,12966,
,,,0.3,,9987,12523,643,12839,20,12934,
,,,,,9996,12527,653,12829,50,12949,
,,,,,10005,12524,659,12840,100,12945,
,,,,,9998,12530,666,12842,500,12978,
,,,,,9997,12524,,12840,1000,12981,
,,,0.4,,9998,12595,636,12848,20,12937,
,,,,,10006,12602,645,12844,50,12980,
,,,,,9997,12616,646,12856,100,12971,
,,,,,9992,12608,650,12852,500,13040,
,,,,,9988,12610,,,1000,13007,
,,,0.5,,9989,12678,618,12854,20,12980,
,,,,,10007,12669,626,12857,50,13003,
,,,,,10000,12666,632,12862,100,12979,
,,,,,9991,12670,637,,500,13025,
,,,,,9996,12669,638,12863,1000,,
,,,0.6,,9998,12721,618,12865,20,13032,
,,,,,9996,12715,622,12868,50,12981,
,,,,,9990,12714,628,12871,100,13015,
,,,,,9992,12718,631,12872,500,13056,
,,,,,9996,12722,630,12873,1000,13049,
,,,0.7,,10020,12757,607,12871,20,13022,
,,,,,9987,12758,619,12876,50,13029,
,,,,,9980,12763,623,12881,100,13046,
,,,,,9996,12756,626,12880,500,13048,
,,,,,9995,12754,624,12878,1000,13060,
,,,0.8,,9980,12771,615,12879,20,12987,
,,,,,9999,12778,613,12877,50,13030,
,,,,,10002,12779,615,12880,100,13023,
,,,,,9993,,621,12885,500,13052,
,,,,,9996,12777,,12883,1000,13077,
,,,0.9,,10022,12797,594,12879,20,13024,
,,,,,10006,12795,612,12886,50,13011,
,,,,,9999,12800,616,12884,100,13023,
,,,,,9997,12796,618,12887,500,13071,
,,,,,9994,12793,619,12886,1000,13078,
,,,1,,10015,12798,598,,20,13007,
,,,,,10007,,610,,50,13051,
,,,,,9990,12791,615,12881,100,13041,
,,,,,9998,12798,617,12887,500,13060,
,,,,,9993,12794,619,12886,1000,13084,
G23,,,0,12807,10012,12360,672,12809,20,12908,14129
,,,,,9985,12357,685,12811,50,12921,
,,,,,9997,12350,691,,100,12934,
,,,,,9994,,692,12812,500,12948,
,,,,,9996,12356,,12815,1000,12965,
,,,0.1,,10007,12379,670,12819,20,12906,
,,,,,10005,12385,674,12812,50,12916,
,,,,,9994,12382,683,12816,100,12913,
,,,,,9995,12385,687,12818,500,12942,
,,,,,9993,12388,686,12819,1000,12945,
,,,0.2,,9987,12421,669,12825,20,12935,
,,,,,10013,12422,674,12820,50,12974,
,,,,,9991,12429,675,12824,100,12954,
,,,,,10001,12426,679,12826,500,12962,
,,,,,9994,12428,678,12825,1000,12958,
,,,0.3,,9986,12520,649,12824,20,12956,
,,,,,9979,12519,659,12832,50,12966,
,,,,,9997,12530,655,12840,100,12972,
,,,,,9988,12526,660,12839,500,13010,
,,,,,9993,12528,,,1000,13002,
,,,0.4,,10016,12614,617,12844,20,12933,
,,,,,9994,12607,639,12849,50,12981,
,,,,,9992,12603,642,12846,100,12985,
,,,,,9999,12611,644,12850,500,12999,
,,,,,9995,,645,,1000,13005,
,,,0.5,,9960,12660,633,12861,20,12990,
,,,,,9983,12666,628,12850,50,12998,
,,,,,9993,12669,,12854,100,12995,
,,,,,9994,,636,12861,500,13002,
,,,,,9991,12673,634,12862,1000,13041,
,,,0.6,,10002,12724,612,12864,20,12999,
,,,,,9987,12721,627,12870,50,13032,
,,,,,9992,,625,12869,100,13023,
,,,,,9997,12728,624,12874,500,13078,
,,,,,9995,12725,627,12872,1000,13047,
,,,0.7,,,12753,598,12857,20,12991,
,,,,,9984,12757,619,12881,50,13029,
,,,,,9990,12751,,12870,100,13042,
,,,,,9995,12758,620,12878,500,13030,
,,,,,,,,,1000,13060,
,,,0.8,,9964,12776,611,12870,20,13015,
,,,,,10001,12779,605,12872,50,13012,
,,,,,9991,12784,613,12878,100,13048,
,,,,,10000,12783,615,12882,500,13066,
,,,,,9994,,614,12880,1000,13080,
,,,0.9,,10008,12802,595,12874,20,13011,
,,,,,9998,12807,602,12882,50,13039,
,,,,,9988,12798,611,12884,100,13074,
,,,,,9994,12793,612,12881,500,13049,
,,,,,9997,12798,,12885,1000,13070,
,,,1,,9983,12796,592,12867,20,13004,
,,,,,10008,,604,12880,50,13017,
,,,,,9986,12801,609,12882,100,13035,
,,,,,9993,12798,612,12885,500,13077,
,,,,,9999,,611,12883,1000,13085,
G24,,,0,12864,9989,12363,669,12807,20,12889,14131
,,,,,10007,12358,693,12822,50,12929,
,,,,,9980,12355,694,12817,100,12923,
,,,,,9998,,693,,500,12939,
,,,,,9999,12358,,12816,1000,12973,
,,,0.1,,10006,12370,674,12812,20,12894,
,,,,,10004,12388,682,12826,50,12947,
,,,,,9995,,687,12822,100,12926,
,,,,,10001,12390,688,12825,500,12949,
,,,,,9995,12389,689,12824,1000,12958,
,,,0.2,,10004,12415,658,12815,20,12914,
,,,,,9980,12424,678,12823,50,12945,
,,,,,10000,12430,677,12828,100,12928,
,,,,,9988,12428,683,12829,500,12958,
,,,,,10000,,681,12827,1000,12967,
,,,0.3,,9987,12515,650,12837,20,12938,
,,,,,,12543,655,,50,12960,
,,,,,9984,12539,659,12843,100,12961,
,,,,,10000,12530,662,12842,500,12985,
,,,,,9995,12529,,12841,1000,12990,
,,,0.4,,10006,12599,626,,20,12953,
,,,,,9998,12602,641,12850,50,12968,
,,,,,9995,12612,646,12859,100,12972,
,,,,,9993,12609,648,12853,500,13008,
,,,,,9999,12611,646,,1000,13003,
,,,0.5,,10003,12670,614,12848,20,12957,
,,,,,,12671,630,12862,50,13000,
,,,,,9991,12666,632,12861,100,12999,
,,,,,9989,12668,637,12864,500,13012,
,,,,,9993,,638,,1000,13037,
,,,0.6,,10016,12723,619,12874,20,12995,
,,,,,9999,12724,620,12871,50,13023,
,,,,,9990,12721,624,12873,100,13030,
,,,,,9998,12724,629,12876,500,13026,
,,,,,,12720,627,12872,1000,13038,
,,,0.7,,10017,12753,601,12875,20,12995,
,,,,,9995,12749,613,12873,50,13004,
,,,,,9997,12746,621,12875,100,13016,
,,,,,9996,12753,622,12879,500,13025,
,,,,,9992,12754,623,12878,1000,13052,
,,,0.8,,9985,12786,606,12876,20,13020,
,,,,,10005,12784,611,12888,50,13048,
,,,,,9996,12783,614,12882,100,13060,
,,,,,9999,12775,619,12883,500,13053,
,,,,,9997,12780,618,12885,1000,,
,,,0.9,,9987,12794,603,12874,20,13030,
,,,,,9996,12795,608,12879,50,13034,
,,,,,9987,12788,615,12882,100,13025,
,,,,,9991,12793,,12885,500,13053,
,,,,,9998,12794,,12886,1000,13051,
,,,1,,10012,12800,593,,20,13027,
,,,,,9979,12792,619,12890,50,13021,
,,,,,10003,12791,610,12882,100,13069,
,,,,,10000,12793,613,12885,500,13052,
,,,,,,,615,,1000,13057,
G25,,,0,12847,10022,12357,673,12817,20,12885,
,,,,,9994,12364,687,12821,50,12957,
,,,,,10002,12355,686,12810,100,12924,
,,,,,10000,12354,693,12815,500,12957,
,,,,,9991,12356,,,1000,12962,
,,,0.1,,9996,12375,675,12823,20,12929,
,,,,,9980,12389,679,12814,50,12905,
,,,,,9994,12391,686,12818,100,12928,
,,,,,,12387,687,12821,500,12959,
,,,,,9989,12385,690,,1000,12963,
,,,0.2,,10028,12443,650,12819,20,12887,
,,,,,9985,12428,677,12831,50,12913,
,,,,,9997,,675,12823,100,12945,
,,,,,9993,,679,12824,500,12955,
,,,,,,,681,12825,1000,12964,
,,,0.3,,9978,12514,639,12819,20,12923,
,,,,,9994,12541,655,12840,50,12976,
,,,,,9983,12532,656,12838,100,12955,
,,,,,9993,12529,658,12839,500,12980,
,,,,,9992,,661,12840,1000,12994,
,,,0.4,,10010,12620,627,12848,20,12984,
,,,,,9990,12615,639,12851,50,12958,
,,,,,10003,12617,641,12857,100,12995,
,,,,,9987,12615,646,12855,500,13050,
,,,,,9998,,645,12852,1000,13013,
,,,0.5,,9972,12681,621,12856,20,12968,
,,,,,9992,12670,625,12855,50,13052,
,,,,,10001,12679,627,12863,100,12995,
,,,,,9990,12673,634,12861,500,13000,
,,,,,9999,12674,,12863,1000,13019,
,,,0.6,,9982,12713,619,12875,20,12990,
,,,,,9990,12720,621,12871,50,13013,
,,,,,9998,12730,622,,100,13019,
,,,,,9994,12724,626,12870,500,13046,
,,,,,9991,12726,627,12872,1000,13032,
,,,0.7,,,12758,609,12876,20,12992,
,,,,,9997,12766,617,12886,50,13042,
,,,,,10007,12764,618,12885,100,13020,
,,,,,9997,12760,619,12877,500,13047,
,,,,,,12759,620,12879,1000,13058,
,,,0.8,,9981,12772,602,12875,20,13021,
,,,,,9989,12780,617,12890,50,13027,
,,,,,,12782,614,12884,100,13025,
,,,,,9992,12781,617,12883,500,13062,
,,,,,,12784,,12885,1000,,
,,,0.9,,9996,12806,598,12877,20,13028,
,,,,,10012,12790,607,12882,50,13031,
,,,,,9989,12800,612,12883,100,13043,
,,,,,9994,12796,613,12885,500,13063,
,,,,,9998,12797,,12886,1000,13067,
,,,1,,9997,12787,597,12880,20,13031,
,,,,,9986,12796,607,12879,50,13016,
,,,,,10008,12793,613,12886,100,13056,
,,,,,9993,12796,615,12885,500,13063,
,,,,,9990,12798,614,12886,1000,13068,
G3,800,19176,0,11252,9587,11034,384,11358,20,11425,12077
,,,,,9597,11031,,11366,50,11439,
,,,,,9578,11020,395,11363,100,11480,
,,,,,9592,,392,11361,500,11473,
,,,,,9587,11019,394,11362,1000,11492,
,,,0.1,,9579,11036,385,11368,20,11461,
,,,,,9584,11020,390,11365,50,11448,
,,,,,9598,11026,388,11361,100,11453,
,,,,,9586,11027,391,11364,500,11505,
,,,,,9583,11025,393,11362,1000,11511,
,,,0.2,,9602,11024,383,11371,20,11456,
,,,,,9583,11030,387,11360,50,,
,,,,,9581,11024,390,11363,100,11461,
,,,,,9590,11031,,,500,11486,
,,,,,9591,11032,391,,1000,11480,
,,,0.3,,9569,11047,371,11352,20,11440,
,,,,,9589,11065,381,11364,50,11463,
,,,,,9584,11059,388,11365,100,11478,
,,,,,9586,11058,386,,500,11508,
,,,,,9585,11059,,,1000,11488,
,,,0.4,,9574,11098,370,11363,20,11411,
,,,,,9584,11105,376,11370,50,11482,
,,,,,9579,11099,377,11367,100,,
,,,,,9589,,,,500,11498,
,,,,,9587,11101,,,1000,11496,
,,,0.5,,9568,11156,358,11362,20,11471,
,,,,,9577,11150,367,11370,50,11466,
,,,,,9607,11148,365,11372,100,11502,
,,,,,9585,11149,369,11373,500,11492,
,,,,,9589,11148,367,11370,1000,11508,
,,,0.6,,9603,11200,348,11373,20,11478,
,,,,,9587,11191,358,11376,50,11490,
,,,,,9579,11195,359,11375,100,11478,
,,,,,9587,11197,360,11379,500,11505,
,,,,,9586,11196,361,11376,1000,11510,
,,,0.7,,9589,11221,344,11385,20,11474,
,,,,,9584,11217,356,11382,50,11465,
,,,,,9594,11221,351,11381,100,11499,
,,,,,9587,11225,355,11382,500,11490,
,,,,,9592,11223,354,11379,1000,11507,
,,,0.8,,9564,11235,341,11372,20,11438,
,,,,,9597,11242,346,11381,50,11470,
,,,,,9585,11244,348,11378,100,11504,
,,,,,9590,11242,351,11383,500,11520,
,,,,,9588,11246,,,1000,11499,
,,,0.9,,9607,11248,343,11385,20,11485,
,,,,,9574,11269,346,11386,50,11480,
,,,,,9588,11264,345,11383,100,11475,
,,,,,9589,11259,350,11386,500,11515,
,,,,,9585,,,11385,1000,11518,
,,,1,,9599,11249,331,11367,20,11449,
,,,,,9581,11268,351,11387,50,11484,
,,,,,9591,11271,344,,100,11497,
,,,,,9588,11265,345,11385,500,11502,
,,,,,9589,11266,347,11384,1000,11533,
G32,2000,4000,0,1198,13,1018,246,1080,20,1150,1560
,,,,,10,1015,249,1077,50,,
,,,,,5,1017,253,1081,100,,
,,,,,11,1014,,1080,500,1154,
,,,,,10,1015,,1078,1000,1156,
,,,0.1,,15,1021,243,1079,20,1150,
,,,,,10,1017,249,1078,50,,
,,,,,5,1015,252,,100,,
,,,,,9,,,1079,500,,
,,,,,11,,,,1000,,
,,,0.2,,13,1017,244,1081,20,,
,,,,,0,1019,253,1082,50,,
,,,,,8,1014,251,1078,100,,
,,,,,11,1015,252,,500,1170,
,,,,,,1016,253,1079,1000,1160,
,,,0.3,,13,1023,245,1084,20,1150,
,,,,,10,1019,249,1078,50,,
,,,,,13,1016,251,1080,100,,
,,,,,9,,253,1079,500,,
,,,,,11,1017,252,1080,1000,,
,,,0.4,,10,1019,245,,20,,
,,,,,16,1023,248,1083,50,,
,,,,,11,1028,251,1084,100,,
,,,,,9,1025,252,1082,500,1172,
,,,,,11,,251,1081,1000,1158,
,,,0.5,,13,1041,243,1087,20,1150,
,,,,,9,1044,248,,50,1168,
,,,,,10,,,1085,100,1184,
,,,,,11,1045,,1086,500,1186,
,,,,,8,1046,249,1087,1000,1184,
,,,0.6,,20,1125,234,1113,20,1198,
,,,,,10,1126,239,1110,50,1204,
,,,,,15,1124,240,1111,100,1198,
,,,,,11,1125,242,,500,1212,
,,,,,12,,241,,1000,1216,
,,,0.7,,14,1170,232,1127,20,1222,
,,,,,,1172,236,1129,50,1242,
,,,,,10,1171,238,1128,100,1234,
,,,,,12,1173,239,1130,500,1238,
,,,,,9,1172,,1128,1000,1242,
,,,0.8,,11,1173,235,1131,20,1228,
,,,,,19,1177,234,1130,50,1224,
,,,,,13,1172,236,1127,100,1232,
,,,,,10,1174,239,1130,500,1242,
,,,,,,1173,,1129,1000,1244,
,,,0.9,,11,1191,232,1133,20,1238,
,,,,,5,1193,236,1136,50,1254,
,,,,,9,,,1137,100,1240,
,,,,,10,,237,,500,1264,
,,,,,12,,,1136,1000,1270,
,,,1,,23,1189,228,1134,20,1242,
,,,,,12,1192,234,,50,1240,
,,,,,9,1194,236,1136,100,1250,
,,,,,10,1192,237,,500,1252,
,,,,,11,,,,1000,1264,
G34,,,0,1214,-34,979,252,1052,20,1125,1541
,,,,,-23,975,254,1050,50,,
,,,,,-21,974,,1048,100,,
,,,,,-24,976,255,1049,500,,
,,,,,-21,977,254,,1000,,
,,,0.1,,-35,972,251,1047,20,,
,,,,,-20,971,,1046,50,,
,,,,,-22,977,254,1050,100,,
,,,,,-24,,255,1049,500,,
,,,,,-23,,,,1000,1126,
,,,0.2,,-9,983,246,1053,20,1125,
,,,,,-26,974,253,1049,50,,
,,,,,-24,972,255,1047,100,,
,,,,,-21,978,254,1048,500,,
,,,,,-22,,255,1050,1000,,
,,,0.3,,-29,977,249,1047,20,,
,,,,,-22,,254,1052,50,,
,,,,,-18,978,252,1048,100,,
,,,,,-23,979,255,1049,500,,
,,,,,-22,,,1050,1000,,
,,,0.4,,-17,986,249,1060,20,,
,,,,,-27,988,252,1052,50,1126,
,,,,,-17,986,251,,100,1128,
,,,,,-24,987,254,,500,1130,
,,,,,-25,,255,,1000,1125,
,,,0.5,,-39,1013,251,1066,20,,
,,,,,-20,1019,248,1062,50,1146,
,,,,,-26,1012,252,1063,100,1140,
,,,,,-23,1010,251,1058,500,1164,
,,,,,,,252,1059,1000,1166,
,,,0.6,,-17,1104,238,1092,20,1170,
,,,,,-27,,242,1088,50,1210,
,,,,,-26,1105,243,1090,100,1194,
,,,,,-23,1103,244,1089,500,1200,
,,,,,-22,,243,,1000,1210,
,,,0.7,,-19,1159,235,1110,20,,
,,,,,-14,1157,236,1109,50,1220,
,,,,,-24,1155,239,1108,100,1222,
,,,,,-23,1157,240,,500,1226,
,,,,,-22,1155,,,1000,1228,
,,,0.8,,-21,1162,231,1107,20,1218,
,,,,,-18,1159,236,1109,50,1226,
,,,,,-26,1160,240,1110,100,1218,
,,,,,-24,1161,,,500,1234,
,,,,,-22,,,,1000,1240,
,,,0.9,,-29,1184,235,1120,20,1234,
,,,,,-24,1176,238,1117,50,1228,
,,,,,-25,1178,,1116,100,1232,
,,,,,-24,1177,240,,500,1240,
,,,,,,,,,1000,1242,
,,,1,,-26,1182,233,1118,20,1226,
,,,,,-21,1176,236,1115,50,,
,,,,,-23,,238,1116,100,1236,
,,,,,-25,1177,239,,500,1238,
,,,,,-22,1178,,1117,1000,1236,
G37,,11785,0,7413,5898,7191,387,7350,20,7405,8009
,,,,,5893,7190,394,7344,50,7406,
,,,,,5886,,396,7346,100,7421,
,,,,,5893,,,7348,500,7420,
,,,,,5890,,397,7347,1000,7426,
,,,0.1,,5901,7326,364,7375,20,7462,
,,,,,5896,7327,365,7373,50,7465,
,,,,,5893,7324,371,7376,100,7460,
,,,,,5891,7321,,7374,500,7464,
,,,,,5894,7323,,7376,1000,7474,
,,,0.2,,5900,7341,358,7378,20,7472,
,,,,,5890,7346,363,7381,50,7471,
,,,,,5887,,365,7382,100,7473,
,,,,,5892,7345,367,7381,500,7486,
,,,,,,7343,368,7380,1000,7478,
,,,0.3,,5864,7359,361,7384,20,7473,
,,,,,5888,7364,360,7387,50,7477,
,,,,,5890,7362,363,7382,100,7488,
,,,,,5892,7358,365,7385,500,,
,,,,,5890,7359,,,1000,7489,
,,,0.4,,5888,7361,356,7381,20,7467,
,,,,,5889,7356,361,7380,50,7483,
,,,,,,7364,364,7386,100,7478,
,,,,,5888,7362,,7385,500,7506,
,,,,,5896,7363,363,,1000,,
,,,0.5,,5911,7368,354,7381,20,7471,
,,,,,5886,,360,7388,50,7483,
,,,,,5891,7367,363,7385,100,7479,
,,,,,5890,7369,,7387,500,7493,
,,,,,5896,7367,362,,1000,7499,
,,,0.6,,5873,7371,360,7385,20,7469,
,,,,,5894,7373,359,7386,50,7488,
,,,,,5891,7374,361,7388,100,7491,
,,,,,5890,7371,362,7387,500,7496,
,,,,,,7372,363,7388,1000,7499,
,,,0.7,,5894,7386,348,7384,20,7480,
,,,,,5891,7379,359,7389,50,7477,
,,,,,5893,7380,360,,100,7493,
,,,,,5892,7377,362,7388,500,7486,
,,,,,5894,7379,360,,1000,7498,
,,,0.8,,5890,7388,352,7389,20,7490,
,,,,,5897,7384,355,7390,50,7482,
,,,,,,7382,360,,100,7486,
,,,,,5891,7385,359,7389,500,7513,
,,,,,5892,,,,1000,7500,
,,,0.9,,5888,7388,348,7388,20,7475,
,,,,,5881,7386,355,7386,50,7479,
,,,,,5887,7387,358,7390,100,7493,
,,,,,5890,7384,359,7389,500,7499,
,,,,,5893,,,,1000,7494,
,,,1,,5895,7383,352,7385,20,7471,
,,,,,5882,7385,359,7386,50,7488,
,,,,,5889,,358,7388,100,7478,
,,,,,5893,,359,7390,500,7502,
,,,,,5890,7384,,7389,1000,,
G39,,11778,0,1952,13,1679,487,2012,20,2113,
,,,,,1,1684,495,2008,50,,
,,,,,5,1681,503,2011,100,,
,,,,,16,1683,502,,500,2118,
,,,,,9,1684,503,,1000,2121,
,,,0.1,,27,1686,484,2006,20,2113,
,,,,,19,1688,499,2016,50,,
,,,,,12,1686,,2011,100,,
,,,,,14,1685,502,,500,2124,
,,,,,13,1687,,2012,1000,2144,
,,,0.2,,18,1679,492,2009,20,2113,
,,,,,7,1676,499,2012,50,,
,,,,,18,1682,496,2008,100,,
,,,,,17,1685,501,2010,500,,
,,,,,14,1683,502,2011,1000,2116,
,,,0.3,,10,1694,491,2020,20,2113,
,,,,,5,1687,496,2010,50,,
,,,,,,1681,500,2012,100,,
,,,,,17,1679,502,2009,500,2137,
,,,,,14,1683,,2011,1000,2122,
,,,0.4,,-4,1674,492,2010,20,2113,
,,,,,3,1698,501,2020,50,2114,
,,,,,12,1688,500,2012,100,2113,
,,,,,16,1692,,2013,500,,
,,,,,14,1690,502,2011,1000,2122,
,,,0.5,,-7,1702,485,2014,20,2116,
,,,,,9,1720,492,2016,50,2113,
,,,,,,1707,496,2014,100,,
,,,,,17,1714,498,2016,500,,
,,,,,13,1715,497,2017,1000,2115,
,,,0.6,,-3,1777,481,2032,20,2124,
,,,,,1,1803,482,2029,50,2119,
,,,,,12,1799,483,2033,100,2155,
,,,,,15,1792,485,2031,500,2154,
,,,,,14,1794,484,2030,1000,2145,
,,,0.7,,3,1873,461,2053,20,2137,
,,,,,19,1879,462,2047,50,2143,
,,,,,16,1872,467,2042,100,2150,
,,,,,13,1879,469,2046,500,2153,
,,,,,,1877,471,2047,1000,2190,
,,,0.8,,-4,1953,452,2063,20,2157,
,,,,,7,1948,453,2060,50,2174,
,,,,,13,1947,456,,100,2172,
,,,,,12,,458,2058,500,2200,
,,,,,14,1950,457,,1000,2182,
,,,0.9,,11,2003,443,2072,20,2173,
,,,,,8,2000,445,2071,50,2190,
,,,,,17,2001,446,2068,100,2204,
,,,,,14,2003,448,2069,500,2190,
,,,,,,2001,,,1000,2202,
,,,1,,15,2004,435,2066,20,2177,
,,,,,-1,2024,444,2074,50,2190,
,,,,,10,2015,,2072,100,2191,
,,,,,18,2020,442,2071,500,2212,
,,,,,13,2019,444,2072,1000,2226,
G4,800,19176,0,11268,9576,11033,386,11365,20,11448,
,,,,,9582,11028,393,11381,50,11481,
,,,,,9589,11025,390,11370,100,11473,
,,,,,9590,11026,394,11377,500,11496,
,,,,,9584,11027,396,,1000,11519,
,,,0.1,,9581,11020,391,11373,20,,
,,,,,9599,,395,11380,50,11487,
,,,,,9591,11026,392,11373,100,11471,
,,,,,9585,11029,394,11374,500,11504,
,,,,,9588,11034,393,11376,1000,11529,
,,,0.2,,9573,11036,388,11374,20,11478,
,,,,,9594,11031,393,11378,50,,
,,,,,9585,11035,394,11374,100,11483,
,,,,,9586,,,11376,500,11515,
,,,,,9585,11038,393,11377,1000,11500,
,,,0.3,,9578,11063,382,11382,20,11475,
,,,,,9586,11074,383,11379,50,11508,
,,,,,9574,11068,,11375,100,11479,
,,,,,9588,11064,388,11380,500,11536,
,,,,,9589,11066,,11379,1000,11504,
,,,0.4,,9578,11107,369,11368,20,11450,
,,,,,9600,11100,378,11379,50,11483,
,,,,,9586,11107,377,11382,100,11524,
,,,,,9589,11108,380,11383,500,11527,
,,,,,9590,11111,377,11382,1000,11503,
,,,0.5,,9588,11151,358,11386,20,11477,
,,,,,9579,11159,367,11383,50,11497,
,,,,,9591,11156,366,11381,100,11498,
,,,,,9589,11158,371,11388,500,11518,
,,,,,9586,11157,,11385,1000,11516,
,,,0.6,,9566,11207,358,11390,20,11473,
,,,,,9580,,359,11392,50,11465,
,,,,,9582,11202,360,11387,100,11477,
,,,,,9588,,363,11390,500,11511,
,,,,,9586,11203,,11392,1000,11519,
,,,0.7,,9572,11240,346,11391,20,11453,
,,,,,9585,11236,351,11390,50,11516,
,,,,,9590,11233,355,11395,100,11493,
,,,,,9591,11237,357,11396,500,11522,
,,,,,9589,11235,356,11395,1000,11536,
,,,0.8,,9592,11258,338,11388,20,11483,
,,,,,9582,11253,342,11391,50,11503,
,,,,,9603,11250,353,11400,100,11511,
,,,,,9587,11252,354,11398,500,11549,
,,,,,9584,11254,355,11399,1000,11548,
,,,0.9,,9586,11275,344,,20,11524,
,,,,,9587,11277,347,11398,50,11495,
,,,,,9585,11271,349,11400,100,11512,
,,,,,9584,11268,351,,500,11552,
,,,,,9587,,350,11399,1000,11521,
,,,1,,,11276,344,11403,20,11494,
,,,,,9605,,345,11393,50,11493,
,,,,,9591,11277,348,11401,100,11527,
,,,,,9588,,350,,500,11513,
,,,,,9587,11275,349,11399,1000,11549,
G43,1000,9990,0,6359,4983,6167,342,6399,20,6469,7027
,,,,,5000,6169,345,6397,50,6458,
,,,,,4995,6168,347,6396,100,6498,
,,,,,4991,6167,350,6399,500,6493,
,,,,,4994,6172,348,,1000,6501,
,,,0.1,,4985,6187,341,6400,20,6451,
,,,,,4989,6182,347,6403,50,6477,
,,,,,,6179,346,6399,100,6465,
,,,,,4996,6186,,6403,500,6531,
,,,,,4994,6185,,6401,1000,6514,
,,,0.2,,5011,6201,334,6405,20,6490,
,,,,,4988,6204,338,6398,50,6485,
,,,,,4994,6198,342,6403,100,6491,
,,,,,4996,6203,343,6404,500,6514,
,,,,,4993,6202,,,1000,6497,
,,,0.3,,4990,6242,334,6407,20,6460,
,,,,,4985,6245,333,6409,50,6474,
,,,,,4992,6244,334,6410,100,6473,
,,,,,4994,6245,335,,500,6498,
,,,,,4995,6248,334,,1000,6522,
,,,0.4,,5019,6294,313,6415,20,6506,
,,,,,4993,6281,319,6408,50,6473,
,,,,,4986,6290,325,6413,100,6502,
,,,,,4996,6287,326,6415,500,6524,
,,,,,,,325,,1000,6517,
,,,0.5,,4997,6314,310,6420,20,6482,
,,,,,4996,6309,319,6422,50,6498,
,,,,,4998,6321,317,6417,100,6515,
,,,,,4994,6317,319,6418,500,6514,
,,,,,,6316,322,6420,1000,6530,
,,,0.6,,4991,6342,311,6429,20,6503,
,,,,,4989,6341,315,6427,50,6509,
,,,,,4993,6349,317,6428,100,6506,
,,,,,4997,6342,,6425,500,6529,
,,,,,4996,6345,316,,1000,6522,
,,,0.7,,4985,6367,308,6427,20,6503,
,,,,,4996,6362,309,6426,50,6518,
,,,,,4995,6366,311,6430,100,6530,
,,,,,4993,6363,313,6429,500,6520,
,,,,,4996,6362,312,6427,1000,6543,
,,,0.8,,4992,6370,299,6426,20,6494,
,,,,,5001,6374,310,6432,50,6525,
,,,,,5007,6370,309,6429,100,6519,
,,,,,4994,6373,311,6431,500,6540,
,,,,,4999,,,6430,1000,6534,
,,,0.9,,4982,6392,306,6435,20,6495,
,,,,,5006,6384,305,6432,50,6510,
,,,,,5003,6385,306,6431,100,6535,
,,,,,4991,,308,,500,,
,,,,,4994,,,6432,1000,6561,
,,,1,,4989,6381,295,6420,20,6482,
,,,,,5007,6387,305,6434,50,6504,
,,,,,4996,6384,309,,100,6520,
,,,,,4991,,,6433,500,6551,
,,,,,4997,6385,,,1000,6541,
G44,,,0,6367,4995,6172,338,6400,20,6467,7022
,,,,,5004,6173,,6392,50,6475,
,,,,,5006,6169,343,6396,100,6480,
,,,,,4994,,344,,500,6500,
,,,,,4995,,345,6397,1000,6489,
,,,0.1,,5016,6189,332,6400,20,6464,
,,,,,4995,6182,335,6394,50,6457,
,,,,,4997,6185,340,6399,100,6480,
,,,,,4993,6183,342,,500,6490,
,,,,,4994,6184,343,,1000,6527,
,,,0.2,,4988,6200,331,6400,20,6475,
,,,,,4994,6194,340,6403,50,6473,
,,,,,4990,6200,341,6401,100,,
,,,,,4999,6198,339,6402,500,6498,
,,,,,4995,6201,,6401,1000,6497,
,,,0.3,,5006,6252,318,6405,20,6489,
,,,,,4996,6246,325,6406,50,6476,
,,,,,4998,6244,332,6409,100,6487,
,,,,,4999,6246,328,6406,500,,
,,,,,4992,6245,332,6408,1000,6497,
,,,0.4,,4998,6274,315,6410,20,6467,
,,,,,5001,6283,321,6416,50,6487,
,,,,,5000,6282,322,6413,100,6514,
,,,,,4994,6283,324,6412,500,6509,
,,,,,4993,6285,323,6413,1000,6506,
,,,0.5,,4995,6314,310,6417,20,6471,
,,,,,4983,6317,315,6419,50,6478,
,,,,,5004,6311,314,6415,100,6508,
,,,,,4997,6312,319,6417,500,,
,,,,,4994,6314,318,6418,1000,6505,
,,,0.6,,5019,6345,299,6420,20,6494,
,,,,,5004,6339,313,6422,50,6504,
,,,,,4994,6341,,6426,100,6531,
,,,,,4997,,312,6422,500,6539,
,,,,,4995,6340,313,6423,1000,6527,
,,,0.7,,5001,6366,297,6426,20,6495,
,,,,,4994,6362,311,6429,50,6509,
,,,,,,6363,307,6426,100,6535,
,,,,,4995,6361,310,6428,500,6537,
,,,,,4997,6358,,6425,1000,6532,
,,,0.8,,4980,6373,303,6429,20,6490,
,,,,,4990,6374,302,6426,50,6506,
,,,,,4996,6376,304,6430,100,6518,
,,,,,4995,6372,308,6428,500,6525,
,,,,,4997,6371,,,1000,6545,
,,,0.9,,4998,6384,297,6424,20,6500,
,,,,,4994,,306,6433,50,6512,
,,,,,4996,6383,305,6430,100,6513,
,,,,,4991,,306,,500,6539,
,,,,,4993,6382,,,1000,6535,
,,,1,,4985,6381,298,6424,20,6498,
,,,,,4980,6377,307,6428,50,6510,
,,,,,4995,6383,306,6429,100,6509,
,,,,,4994,6382,,6430,500,6517,
,,,,,4992,6384,,6431,1000,6535,
G45,,,0,6417,4979,6169,340,6389,20,6442,7020
,,,,,4991,6173,,6393,50,6466,
,,,,,4993,6172,,6394,100,6469,
,,,,,4995,6174,343,,500,6511,
,,,,,4996,6168,344,,1000,6504,
,,,0.1,,4985,6178,334,,20,6448,
,,,,,4991,6184,335,6396,50,6486,
,,,,,4990,6180,341,6397,100,,
,,,,,4997,6184,,6398,500,6483,
,,,,,4995,,342,,1000,6493,
,,,0.2,,4983,6204,331,6400,20,6480,
,,,,,4992,6201,334,6398,50,6474,
,,,,,4985,6199,341,6401,100,6491,
,,,,,4994,6200,338,6399,500,6480,
,,,,,4995,6199,,,1000,6512,
,,,0.3,,4983,6243,324,6396,20,6457,
,,,,,5000,6239,327,6402,50,6472,
,,,,,4991,6245,330,,100,6485,
,,,,,4994,6243,,6405,500,6509,
,,,,,,6242,331,,1000,6495,
,,,0.4,,4997,6282,318,6409,20,6493,
,,,,,4995,6288,321,6414,50,6486,
,,,,,4996,6282,319,6406,100,6490,
,,,,,4993,6280,323,6411,500,6527,
,,,,,4995,6282,,,1000,6519,
,,,0.5,,4988,6314,316,6417,20,6494,
,,,,,5002,6315,314,6416,50,6482,
,,,,,5001,6313,,6415,100,6507,
,,,,,4992,6312,317,,500,6516,
,,,,,4995,,,,1000,6538,
,,,0.6,,4979,6341,310,6419,20,6498,
,,,,,4996,6345,305,6416,50,6506,
,,,,,4997,6340,311,6420,100,6504,
,,,,,4991,6343,312,,500,6561,
,,,,,4992,6342,313,6422,1000,6526,
,,,0.7,,,6364,310,6426,20,6489,
,,,,,5001,6363,302,6422,50,6499,
,,,,,4999,6359,307,6423,100,6516,
,,,,,4993,,309,6425,500,6522,
,,,,,4995,6363,,6426,1000,6554,
,,,0.8,,4980,6367,304,6421,20,6499,
,,,,,4985,,303,6423,50,6516,
,,,,,4999,6373,,6426,100,6515,
,,,,,4994,6375,308,6428,500,6540,
,,,,,,6374,307,6427,1000,6535,
,,,0.9,,4999,6379,296,6423,20,6525,
,,,,,4992,6380,302,6427,50,,
,,,,,4990,6382,305,6429,100,6532,
,,,,,4991,6384,306,,500,6537,
,,,,,4995,6383,,,1000,6552,
,,,1,,4997,6385,299,6430,20,6503,
,,,,,4996,6383,300,6427,50,6515,
,,,,,4995,6385,302,6425,100,6523,
,,,,,4997,6384,305,6429,500,6535,
,,,,,4993,6385,,,1000,6559,
G46,,,0,6389,4988,6168,332,6391,20,6447,
,,,,,5010,6169,339,6398,50,6466,
,,,,,4989,6165,343,6395,100,6459,
,,,,,4995,6172,342,6397,500,6494,
,,,,,4996,6171,343,6398,1000,6509,
,,,0.1,,5005,6184,328,6400,20,6457,
,,,,,4991,6177,340,6398,50,6454,
,,,,,4998,6183,339,6401,100,6485,
,,,,,4995,6185,340,6400,500,6495,
,,,,,4992,,341,6399,1000,,
,,,0.2,,5011,,328,6393,20,6456,
,,,,,4994,6199,335,6404,50,6458,
,,,,,4984,6203,336,6402,100,6481,
,,,,,4993,6201,339,,500,6505,
,,,,,4994,,337,6400,1000,6494,
,,,0.3,,5002,6255,317,6408,20,6472,
,,,,,4989,6248,328,,50,6477,
,,,,,4992,6242,,6405,100,6485,
,,,,,4996,6244,330,6409,500,6517,
,,,,,4995,6245,329,6407,1000,6526,
,,,0.4,,4988,6296,308,6413,20,6471,
,,,,,4997,6285,314,6409,50,6479,
,,,,,4995,6282,320,6413,100,6483,
,,,,,4996,6284,322,6414,500,6505,
,,,,,4995,6286,321,6413,1000,6520,
,,,0.5,,4993,6313,304,6416,20,6471,
,,,,,5009,6320,307,,50,6476,
,,,,,4989,6318,313,,100,6525,
,,,,,4993,6314,316,6418,500,6513,
,,,,,4995,6318,,6419,1000,6512,
,,,0.6,,4964,6340,309,6425,20,6486,
,,,,,4990,6346,307,6422,50,6498,
,,,,,4993,6344,311,6424,100,6504,
,,,,,4994,6347,,6425,500,6516,
,,,,,,6344,312,6424,1000,6535,
,,,0.7,,5003,6363,297,6430,20,6501,
,,,,,4986,6367,301,6428,50,6505,
,,,,,4995,6364,308,6430,100,6527,
,,,,,,6363,,6426,500,6534,
,,,,,4994,6364,309,6428,1000,6529,
,,,0.8,,4988,6381,298,6434,20,6543,
,,,,,4994,6377,306,6429,50,6502,
,,,,,4992,,305,6433,100,6519,
,,,,,4998,,306,6430,500,6537,
,,,,,4992,6378,,6431,1000,,
,,,0.9,,4995,6388,298,6428,20,6517,
,,,,,4993,6389,302,6434,50,6519,
,,,,,4995,6388,305,6436,100,6510,
,,,,,4991,6387,304,6431,500,6543,
,,,,,4994,6386,,,1000,6539,
,,,1,,4987,6387,296,,20,6500,
,,,,,4993,6389,299,,50,6503,
,,,,,,,302,6432,100,6515,
,,,,,4995,6385,305,6431,500,6528,
,,,,,4996,6387,303,,1000,6543,
G47,,,0,6398,4984,6181,349,6416,20,6478,
,,,,,5012,6173,345,6405,50,6488,
,,,,,4991,6176,349,6403,100,6483,
,,,,,4994,6171,352,6404,500,6488,
,,,,,,6172,,,1000,6512,
,,,0.1,,4999,6194,338,6410,20,6508,
,,,,,4993,6184,347,6405,50,6491,
,,,,,4996,6191,346,6406,100,6483,
,,,,,4997,6188,349,,500,6493,
,,,,,,6186,350,6407,1000,6517,
,,,0.2,,5016,6196,336,6408,20,6476,
,,,,,4988,6207,345,,50,6468,
,,,,,4992,6196,343,6405,100,6499,
,,,,,4993,6206,347,6411,500,6492,
,,,,,4996,6203,346,6409,1000,6501,
,,,0.3,,5005,6233,328,6407,20,6474,
,,,,,4997,6251,333,6414,50,6500,
,,,,,,6249,336,6413,100,6508,
,,,,,4991,,337,6414,500,6507,
,,,,,4992,6248,338,6413,1000,6506,
,,,0.4,,4994,6282,321,,20,6473,
,,,,,4991,6299,326,6426,50,6498,
,,,,,4989,6286,330,6420,100,6503,
,,,,,4994,6290,328,6418,500,6513,
,,,,,4993,6289,330,6420,1000,6523,
,,,0.5,,4983,6332,314,6428,20,6490,
,,,,,4988,6318,324,6427,50,6518,
,,,,,4997,6316,321,6422,100,6495,
,,,,,4994,6320,324,6424,500,6528,
,,,,,,,,6425,1000,6526,
,,,0.6,,4988,6352,311,6433,20,6489,
,,,,,4993,6347,317,6434,50,6510,
,,,,,4989,6351,319,6431,100,6535,
,,,,,4994,6349,,6429,500,6529,
,,,,,4993,,320,6430,1000,6551,
,,,0.7,,5000,6366,310,6434,20,6520,
,,,,,5003,6367,316,,50,6511,
,,,,,4999,6368,312,6431,100,6527,
,,,,,4996,6369,315,6433,500,6530,
,,,,,4993,6367,317,,1000,6541,
,,,0.8,,4995,6380,306,6437,20,6505,
,,,,,,6376,312,6432,50,6506,
,,,,,4992,6382,314,6437,100,6523,
,,,,,4994,,313,6435,500,6534,
,,,,,4996,6380,,,1000,6547,
,,,0.9,,4984,6386,305,6428,20,6510,
,,,,,4986,,311,6436,50,6547,
,,,,,5002,6385,,6437,100,6517,
,,,,,4991,6389,312,,500,6541,
,,,,,4993,,311,,1000,6543,
,,,1,,4994,,304,6436,20,6502,
,,,,,4983,6396,309,6440,50,6519,
,,,,,4988,6389,313,6439,100,6525,
,,,,,4998,,310,6436,500,6538,
,,,,,4997,,312,,1000,6555,
G48,3000,6000,0,6000,2987,4898,444,5062,20,6000,6000
,,,,,2997,4902,451,5057,50,,
,,,,,2998,4900,455,5053,100,,
,,,,,2997,4899,,5045,500,,
,,,,,3000,,,5046,1000,,
,,,0.1,,3006,6000,405,5516,20,,
,,,,,2999,,415,5513,50,,
,,,,,3003,,413,5504,100,,
,,,,,2998,,418,5508,500,,
,,,,,3000,,417,5506,1000,,
,,,0.2,,2998,,408,5520,20,,
,,,,,2996,,417,5514,50,,
,,,,,3000,,416,5510,100,,
,,,,,3001,,417,5506,500,,
,,,,,2999,,418,5507,1000,,
,,,0.3,,2980,,410,5521,20,,
,,,,,3001,,413,5511,50,,
,,,,,3005,,414,5506,100,,
,,,,,3001,,417,,500,,
,,,,,2999,,418,5508,1000,,
,,,0.4,,3005,,407,5524,20,,
,,,,,3001,,415,5516,50,,
,,,,,2996,,417,5511,100,,
,,,,,2998,,418,5506,500,,
,,,,,2999,,,5507,1000,,
,,,0.5,,2997,,406,5511,20,,
,,,,,3004,,411,5507,50,,
,,,,,3001,,415,5508,100,,
,,,,,2999,,417,5507,500,,
,,,,,3001,,,5506,1000,,
,,,0.6,,3005,,409,5523,20,,
,,,,,3004,,411,5508,50,,
,,,,,2999,,415,5506,100,,
,,,,,3000,,417,,500,,
,,,,,2998,,418,5507,1000,,
,,,0.7,,3000,,406,5514,20,,
,,,,,3003,,413,5511,50,,
,,,,,2997,,418,5510,100,,
,,,,,3002,,416,5504,500,,
,,,,,2999,,418,5507,1000,,
,,,0.8,,,,408,5517,20,,
,,,,,2996,,414,5511,50,,
,,,,,3003,,415,5508,100,,
,,,,,2996,,419,,500,,
,,,,,3002,,418,5507,1000,,
,,,0.9,,2998,,407,5512,20,,
,,,,,3006,,413,5509,50,,
,,,,,3001,,415,5508,100,,
,,,,,,,418,,500,,
,,,,,2999,,417,5505,1000,,
,,,1,,2996,,407,5516,20,,
,,,,,3002,,411,5504,50,,
,,,,,2998,,415,5510,100,,
,,,,,,,418,5508,500,,
,,,,,3000,,417,5507,1000,,
G49,,,0,,3013,4888,439,5055,20,,
,,,,,2998,4901,450,5052,50,,
,,,,,3001,4895,452,5044,100,,
,,,,,2998,4900,455,5046,500,,
,,,,,,4901,,5044,1000,,
,,,0.1,,3004,6000,406,5519,20,,
,,,,,2989,,414,5509,50,,
,,,,,2997,,416,5506,100,,
,,,,,2998,,418,5508,500,,
,,,,,3001,,417,5505,1000,,
,,,0.2,,2996,,410,5522,20,,
,,,,,3001,,414,5513,50,,
,,,,,2994,,417,5509,100,,
,,,,,3001,,,5506,500,,
,,,,,2999,,418,,1000,,
,,,0.3,,3003,,404,5512,20,,
,,,,,2991,,414,5510,50,,
,,,,,2989,,418,5509,100,,
,,,,,2999,,417,5504,500,,
,,,,,3001,,416,5505,1000,,
,,,0.4,,2993,,408,5521,20,,
,,,,,3012,,411,5507,50,,
,,,,,3000,,416,,100,,
,,,,,2999,,417,5506,500,,
,,,,,,,,5505,1000,,
,,,0.5,,2992,,410,5517,20,,
,,,,,3002,,413,5511,50,,
,,,,,2994,,419,5512,100,,
,,,,,2999,,416,5504,500,,
,,,,,3000,,417,5505,1000,,
,,,0.6,,2996,,410,5519,20,,
,,,,,2994,,412,5508,50,,
,,,,,3007,,,5505,100,,
,,,,,2998,,417,5506,500,,
,,,,,2997,,418,,1000,,
,,,0.7,,2984,,410,5516,20,,
,,,,,3008,,413,5510,50,,
,,,,,3002,,,5504,100,,
,,,,,2999,,417,5506,500,,
,,,,,3000,,,5504,1000,,
,,,0.8,,3015,,404,5520,20,,
,,,,,3008,,410,5508,50,,
,,,,,3002,,416,5510,100,,
,,,,,2997,,417,5505,500,,
,,,,,2999,,,5506,1000,,
,,,0.9,,3008,,405,5515,20,,
,,,,,3003,,411,5507,50,,
,,,,,2998,,416,5510,100,,
,,,,,2999,,417,5506,500,,
,,,,,2998,,418,5505,1000,,
,,,1,,3002,,407,5515,20,,
,,,,,3004,,413,5516,50,,
,,,,,2999,,415,5508,100,,
,,,,,,,417,5504,500,,
,,,,,2998,,,5506,1000,,
G5,800,19176,0,11304,9602,11025,384,11374,20,11476,
,,,,,9578,11020,394,11373,50,11483,
,,,,,9591,,,11369,100,11474,
,,,,,9586,11022,,,500,11495,
,,,,,9587,11023,,11370,1000,11531,
,,,0.1,,9610,11048,376,11371,20,11462,
,,,,,9604,11028,385,11372,50,11472,
,,,,,9595,11019,393,11374,100,11511,
,,,,,9588,11029,394,11373,500,11503,
,,,,,9586,11027,393,11370,1000,11516,
,,,0.2,,9583,,396,11371,20,11464,
,,,,,9591,11032,388,11370,50,11473,
,,,,,9590,11037,390,11371,100,11477,
,,,,,9591,11035,389,11369,500,11526,
,,,,,9590,11036,391,11371,1000,11516,
,,,0.3,,9602,11053,372,11370,20,11447,
,,,,,9581,11067,387,11375,50,11470,
,,,,,9597,11060,,11376,100,11472,
,,,,,9585,,388,11373,500,11495,
,,,,,9588,11064,386,11374,1000,11511,
,,,0.4,,9600,11104,364,11377,20,11431,
,,,,,9593,11110,375,11376,50,11478,
,,,,,9600,11103,378,11378,100,11481,
,,,,,9589,11104,376,11374,500,11509,
,,,,,9590,11101,379,11377,1000,11538,
,,,0.5,,9584,11149,360,11383,20,11486,
,,,,,9556,11161,366,11374,50,11459,
,,,,,9582,11154,364,11376,100,11478,
,,,,,9587,11153,370,11380,500,11515,
,,,,,9583,,,11381,1000,11535,
,,,0.6,,9574,11213,359,11391,20,11488,
,,,,,9590,11205,355,11386,50,11510,
,,,,,9591,11197,360,11387,100,11535,
,,,,,9589,11200,,,500,11522,
,,,,,,11202,361,11386,1000,11527,
,,,0.7,,9633,11224,345,11384,20,11460,
,,,,,9588,11232,348,11391,50,11479,
,,,,,9592,11227,352,11386,100,11516,
,,,,,9587,11233,355,11391,500,11534,
,,,,,9589,11232,,11390,1000,11524,
,,,0.8,,9579,11255,341,11391,20,11484,
,,,,,9577,11253,349,11396,50,11507,
,,,,,9576,11250,351,11391,100,11547,
,,,,,9586,11251,,,500,11525,
,,,,,,11253,352,11393,1000,11522,
,,,0.9,,9599,11265,341,11390,20,11472,
,,,,,9581,11274,345,11399,50,11478,
,,,,,9582,11278,346,11391,100,11494,
,,,,,9587,11271,349,11395,500,11530,
,,,,,9591,11266,350,,1000,11538,
,,,1,,9603,11269,333,11390,20,11481,
,,,,,9595,11283,342,11394,50,11486,
,,,,,9582,11276,346,11398,100,11514,
,,,,,9590,11278,,11396,500,11521,
,,,,,9584,11274,347,11395,1000,11539,
G50,3000,6000,0,5880,2991,4893,449,5070,20,5880,5988
,,,,,2996,4891,451,5049,50,,
,,,,,,4896,454,5045,100,,
,,,,,3000,4897,455,5043,500,,
,,,,,3001,4898,454,,1000,,
,,,0.1,,3012,5815,407,5429,20,,
,,,,,3003,5814,415,5419,50,,
,,,,,3008,5816,,5417,100,,
,,,,,2999,,419,5418,500,,
,,,,,2998,5817,420,,1000,,
,,,0.2,,3014,5818,409,5434,20,,
,,,,,3001,5816,417,5428,50,,
,,,,,2999,,,5418,100,,
,,,,,,,419,5417,500,,
,,,,,3001,,,5418,1000,,
,,,0.3,,2998,5838,405,5431,20,,
,,,,,3000,,413,5430,50,,
,,,,,2993,5840,419,,100,,
,,,,,3001,5839,416,5423,500,,
,,,,,2999,,417,5424,1000,,
,,,0.4,,3015,5858,403,5443,20,,
,,,,,2991,5855,414,5432,50,,
,,,,,2996,5858,415,5434,100,,
,,,,,2998,,417,5433,500,,
,,,,,2999,,,5434,1000,,
,,,0.5,,2992,5856,407,5443,20,,
,,,,,2999,5859,412,5436,50,,
,,,,,2998,5857,415,5435,100,,
,,,,,2999,5858,416,5432,500,,
,,,,,3000,,417,5435,1000,,
,,,0.6,,2999,5880,404,5452,20,,
,,,,,3000,,414,5451,50,,
,,,,,3006,,413,5446,100,,
,,,,,2999,,416,5442,500,,
,,,,,3001,,,5445,1000,,
,,,0.7,,3020,,403,5449,20,,
,,,,,2994,,415,5451,50,,
,,,,,3003,,,5446,100,,
,,,,,2999,,416,5444,500,,
,,,,,3001,,,5443,1000,,
,,,0.8,,3000,,407,5455,20,,
,,,,,3006,,410,5443,50,,
,,,,,2997,,417,5449,100,,
,,,,,3004,,416,5445,500,,
,,,,,3001,,,5444,1000,,
,,,0.9,,,,403,,20,,
,,,,,2985,,416,5447,50,,
,,,,,2994,,417,5448,100,,
,,,,,3001,,,5444,500,,
,,,,,3002,,416,,1000,,
,,,1,,2995,,408,5454,20,,
,,,,,2997,,413,5448,50,,
,,,,,2993,,417,5449,100,,
,,,,,2998,,416,5443,500,,
,,,,,3001,,,5444,1000,,
G51,1000,5909,0,3741,2959,3600,195,3679,20,3700,
,,,,,2955,3601,197,3678,50,3712,
,,,,,2953,3599,199,3679,100,3729,
,,,,,2952,3601,,,500,3721,
,,,,,2954,3600,,3678,1000,3727,
,,,0.1,,2957,3660,179,3688,20,3728,
,,,,,2950,3662,186,3691,50,3740,
,,,,,2953,3661,188,3693,100,3742,
,,,,,2955,3663,,,500,3754,
,,,,,2953,3661,189,3692,1000,3748,
,,,0.2,,2952,3672,185,3699,20,3740,
,,,,,,3671,,3693,50,3736,
,,,,,2951,,186,3694,100,3743,
,,,,,2957,,,3695,500,3754,
,,,,,2952,3672,,,1000,3770,
,,,0.3,,2951,3682,180,3699,20,3750,
,,,,,2953,3684,183,3698,50,3747,
,,,,,2950,3683,184,,100,3752,
,,,,,2952,3682,185,,500,3766,
,,,,,,,,,1000,3763,
,,,0.4,,2955,3687,180,,20,3757,
,,,,,2951,3686,184,,50,3763,
,,,,,2958,3685,183,,100,3750,
,,,,,2954,3686,,,500,3757,
,,,,,2952,,184,3699,1000,3764,
,,,0.5,,2957,3690,179,3700,20,3744,
,,,,,2952,3686,182,3699,50,3752,
,,,,,2954,3688,183,3700,100,3755,
,,,,,2955,,184,3699,500,3764,
,,,,,2954,,,,1000,3761,
,,,0.6,,2950,3690,177,,20,3747,
,,,,,2948,3689,182,3698,50,3749,
,,,,,2952,3690,,3699,100,3755,
,,,,,2953,3691,183,3700,500,3761,
,,,,,2955,3690,,,1000,3765,
,,,0.7,,2947,3696,176,3697,20,3748,
,,,,,2952,3692,181,3699,50,3750,
,,,,,,3694,183,3701,100,3757,
,,,,,2954,,182,3700,500,3758,
,,,,,2952,,,,1000,3760,
,,,0.8,,2949,3699,175,3701,20,3746,
,,,,,2959,3700,179,3702,50,3753,
,,,,,2955,3695,181,3700,100,3768,
,,,,,2951,3697,,,500,3761,
,,,,,2952,3698,182,3701,1000,3764,
,,,0.9,,2962,3702,173,3703,20,3754,
,,,,,2951,3697,181,3700,50,3748,
,,,,,2957,3694,182,,100,3763,
,,,,,2954,3698,181,3701,500,3766,
,,,,,2955,3697,,,1000,3767,
,,,1,,2969,3698,172,3700,20,3755,
,,,,,2962,3697,178,3701,50,3757,
,,,,,2948,3698,181,,100,3759,
,,,,,2958,3697,,,500,3765,
,,,,,2954,3698,,,1000,3766,
G52,,5916,0,3718,2974,3609,190,3684,20,3713,
,,,,,2961,3605,198,3685,50,3712,
,,,,,2954,3606,,3683,100,3725,
,,,,,2961,3605,,,500,3730,
,,,,,2957,3606,,,1000,3727,
,,,0.1,,2969,3665,184,3697,20,3750,
,,,,,2963,3666,185,3695,50,3751,
,,,,,2958,3667,188,3698,100,3743,
,,,,,2952,,189,3697,500,3759,
,,,,,2958,3665,187,,1000,3757,
,,,0.2,,2956,3678,182,3699,20,3747,
,,,,,2961,3679,,3698,50,3752,
,,,,,2956,,185,3700,100,3753,
,,,,,2957,3677,186,3699,500,3755,
,,,,,,3678,,3700,1000,3762,
,,,0.3,,2950,3689,181,3703,20,3746,
,,,,,2959,,183,3704,50,3753,
,,,,,2958,3686,,3702,100,3756,
,,,,,,3687,,,500,3768,
,,,,,2957,3686,184,,1000,3764,
,,,0.4,,2936,3693,183,3701,20,3749,
,,,,,2961,3689,184,3703,50,3747,
,,,,,,3691,182,3704,100,3759,
,,,,,2956,3690,183,3703,500,3764,
,,,,,2958,,,,1000,3770,
,,,0.5,,2957,3693,179,,20,3765,
,,,,,2960,3691,181,,50,3752,
,,,,,2952,3692,184,3704,100,3769,
,,,,,2960,3691,182,3703,500,3761,
,,,,,2957,3693,183,3704,1000,3772,
,,,0.6,,2954,3690,179,3703,20,3754,
,,,,,2959,3694,181,3704,50,3755,
,,,,,2957,3695,182,,100,3756,
,,,,,2959,,,,500,3763,
,,,,,2956,,183,3705,1000,,
,,,0.7,,2958,3701,179,3706,20,3754,
,,,,,2961,,177,3704,50,3773,
,,,,,2960,3698,181,,100,3755,
,,,,,2958,,182,3705,500,3767,
,,,,,2957,,,3704,1000,,
,,,0.8,,2969,3706,175,3705,20,3758,
,,,,,2967,3700,178,,50,3753,
,,,,,2959,3703,179,,100,3757,
,,,,,2955,3702,181,,500,3766,
,,,,,2956,3703,,3706,1000,3772,
,,,0.9,,2967,3704,173,3700,20,3757,
,,,,,2953,3701,181,3705,50,3758,
,,,,,2955,3703,180,3706,100,3763,
,,,,,2953,,181,3705,500,3767,
,,,,,2958,3702,180,,1000,3772,
,,,1,,2961,3701,176,3703,20,3751,
,,,,,2962,3704,178,3705,50,3771,
,,,,,2960,3701,180,,100,3767,
,,,,,2958,3702,181,,500,3773,
,,,,,2959,,,,1000,3768,
G53,,5914,0,3726,2948,3604,191,3681,20,3710,
,,,,,2953,3603,194,3679,50,3715,
,,,,,,3602,195,3680,100,3720,
,,,,,2954,3603,196,,500,,
,,,,,2956,,,3679,1000,3731,
,,,0.1,,2955,3669,180,3694,20,3746,
,,,,,2961,3665,183,3693,50,3742,
,,,,,2958,3664,185,,100,3748,
,,,,,2956,3662,186,,500,3746,
,,,,,2958,3663,185,,1000,3757,
,,,0.2,,2951,3678,176,3697,20,3735,
,,,,,2955,3675,181,3695,50,3750,
,,,,,2965,3674,183,3697,100,3748,
,,,,,2958,3673,,3695,500,3760,
,,,,,2955,,184,,1000,3755,
,,,0.3,,2966,3683,174,3697,20,3750,
,,,,,2965,3684,180,,50,3753,
,,,,,2956,,182,3699,100,3752,
,,,,,2957,3683,,3698,500,3753,
,,,,,,,,,1000,3773,
,,,0.4,,2961,3688,177,3699,20,3767,
,,,,,2966,,176,,50,3753,
,,,,,2960,3686,181,,100,,
,,,,,2959,,180,,500,3752,
,,,,,2958,,181,,1000,3766,
,,,0.5,,2970,3688,177,,20,3749,
,,,,,2962,,178,3698,50,3751,
,,,,,2953,3689,181,3701,100,3756,
,,,,,2957,3688,,3699,500,3762,
,,,,,2956,3689,,3700,1000,3767,
,,,0.6,,2955,3692,175,,20,3754,
,,,,,2973,3694,176,,50,3751,
,,,,,2953,3690,179,,100,,
,,,,,2957,,180,3699,500,3761,
,,,,,2956,3691,,3700,1000,3765,
,,,0.7,,2964,3695,174,3701,20,3747,
,,,,,2957,3694,177,3698,50,3752,
,,,,,2953,3696,179,3699,100,,
,,,,,2960,3695,178,3700,500,3762,
,,,,,2957,3694,179,,1000,3763,
,,,0.8,,2962,3701,173,3701,20,3743,
,,,,,,3699,176,,50,3762,
,,,,,2957,3701,177,3702,100,3757,
,,,,,2956,3699,179,3701,500,3767,
,,,,,,3698,,,1000,3768,
,,,0.9,,2965,3697,174,,20,3744,
,,,,,2950,3693,178,3698,50,3756,
,,,,,2959,3697,176,3700,100,3758,
,,,,,2957,3699,178,3701,500,3761,
,,,,,,,179,,1000,3769,
,,,1,,2968,3696,176,3702,20,3749,
,,,,,2957,3699,175,,50,3762,
,,,,,2952,,178,3701,100,3751,
,,,,,2957,,,,500,3762,
,,,,,2956,3698,179,,1000,,
G54,,5916,0,3727,2955,3600,193,3677,20,3721,
,,,,,2954,3608,192,3679,50,3725,
,,,,,2955,3606,195,3680,100,3722,
,,,,,,3604,197,3681,500,3725,
,,,,,2957,,196,3680,1000,3728,
,,,0.1,,2953,3663,180,3691,20,3734,
,,,,,2956,3664,185,3693,50,3739,
,,,,,2963,3663,,,100,3742,
,,,,,2959,3664,,,500,3750,
,,,,,2958,3662,,,1000,3753,
,,,0.2,,2960,3677,181,3694,20,3745,
,,,,,2959,3674,,3696,50,3744,
,,,,,2957,,182,,100,3747,
,,,,,2956,,183,3695,500,3753,
,,,,,2958,,,3696,1000,3758,
,,,0.3,,2949,3685,175,3693,20,3743,
,,,,,2964,3686,180,3698,50,3744,
,,,,,2959,3682,181,3697,100,3748,
,,,,,,3684,,3698,500,3758,
,,,,,2958,,182,,1000,3765,
,,,0.4,,,3683,176,3694,20,3742,
,,,,,2960,3686,178,3697,50,3747,
,,,,,2959,3687,181,3699,100,3757,
,,,,,2960,3686,180,3698,500,3762,
,,,,,2957,3687,181,3699,1000,3765,
,,,0.5,,,3691,174,3695,20,3754,
,,,,,2961,3686,180,3699,50,3744,
,,,,,2955,3690,,3701,100,3756,
,,,,,2958,3689,181,3699,500,3767,
,,,,,2957,3688,,,1000,3759,
,,,0.6,,2966,3694,175,3700,20,3753,
,,,,,2960,3689,179,3699,50,3750,
,,,,,2955,,,,100,3757,
,,,,,2956,3691,180,,500,3765,
,,,,,2958,3690,,,1000,3763,
,,,0.7,,2964,3697,176,3701,20,3755,
,,,,,2952,3693,178,3697,50,3748,
,,,,,2965,3692,179,3700,100,3751,
,,,,,2957,3694,180,,500,3759,
,,,,,,3693,179,3699,1000,3756,
,,,0.8,,2969,3700,173,,20,3750,
,,,,,2963,3699,177,3700,50,3752,
,,,,,2959,3695,,3699,100,,
,,,,,2955,3696,178,,500,3760,
,,,,,2958,,,3700,1000,3764,
,,,0.9,,2962,3692,174,3696,20,3743,
,,,,,2956,3697,176,3701,50,3751,
,,,,,2961,3695,178,3699,100,3756,
,,,,,2957,3696,,3700,500,3758,
,,,,,2956,3697,179,,1000,3767,
,,,1,,2959,,173,3697,20,3753,
,,,,,2963,,176,3700,50,3750,
,,,,,2947,3696,179,3699,100,3767,
,,,,,2957,,,3700,500,3766,
,,,,,,,178,,1000,3762,
G6,800,19176,0,1781,48,1545,399,1914,20,2008,
,,,,,74,1543,398,1907,50,2027,
,,,,,73,1539,,1905,100,2005,
,,,,,76,1545,404,1911,500,2019,
,,,,,78,1541,,1910,1000,2047,
,,,0.1,,52,1543,392,1908,20,1993,
,,,,,83,1553,,,50,2011,
,,,,,74,1541,404,,100,2010,
,,,,,77,1546,,1910,500,2036,
,,,,,78,1544,,,1000,2043,
,,,0.2,,112,,391,,20,1988,
,,,,,73,1545,402,1913,50,1999,
,,,,,66,1542,404,,100,2033,
,,,,,85,1544,,1910,500,2038,
,,,,,75,,405,,1000,2036,
,,,0.3,,97,1547,389,,20,2010,
,,,,,64,1550,400,1912,50,2009,
,,,,,78,1547,403,,100,2021,
,,,,,76,1552,,1911,500,2038,
,,,,,,1549,,1909,1000,2056,
,,,0.4,,57,1548,391,1905,20,1987,
,,,,,81,1554,395,1912,50,2005,
,,,,,67,1562,400,1907,100,2030,
,,,,,74,1560,401,1911,500,2054,
,,,,,80,1561,400,1909,1000,,
,,,0.5,,73,1613,381,1917,20,1983,
,,,,,74,1597,391,1909,50,2003,
,,,,,60,1592,397,,100,2014,
,,,,,80,1594,392,1911,500,2031,
,,,,,74,1597,394,1912,1000,2027,
,,,0.6,,45,1645,380,1909,20,1985,
,,,,,80,1663,378,1918,50,1997,
,,,,,82,1662,377,1921,100,2040,
,,,,,76,1654,383,1917,500,2043,
,,,,,,1657,,1916,1000,,
,,,0.7,,80,1713,365,1927,20,2016,
,,,,,74,1705,369,1924,50,2004,
,,,,,82,1709,370,1920,100,2020,
,,,,,76,1701,374,1921,500,2046,
,,,,,77,1706,,1923,1000,2076,
,,,0.8,,74,1734,363,,20,1997,
,,,,,75,1742,367,1929,50,2044,
,,,,,80,1738,365,1928,100,2014,
,,,,,73,1741,366,1925,500,2060,
,,,,,82,1733,368,,1000,2051,
,,,0.9,,63,1766,357,1930,20,1989,
,,,,,71,1757,362,1928,50,2048,
,,,,,78,1768,364,1935,100,2077,
,,,,,77,1758,,1928,500,2044,
,,,,,,,,1927,1000,2060,
,,,1,,98,1787,341,1923,20,2010,
,,,,,57,1768,358,1926,50,2030,
,,,,,92,,356,1930,100,2032,
,,,,,72,,363,1928,500,2075,
,,,,,76,1769,362,1929,1000,2068,
G7,,,0,1632,-83,1382,389,1740,20,1859,
,,,,,-84,1381,396,1744,50,1838,
,,,,,-67,1384,395,,100,1840,
,,,,,-76,,394,,500,1869,
,,,,,-74,,395,,1000,1884,
,,,0.1,,-61,1383,386,1743,20,1859,
,,,,,-57,1378,397,1749,50,1828,
,,,,,-67,1383,390,1747,100,1859,
,,,,,-77,1384,396,1744,500,1880,
,,,,,-76,,,1745,1000,1882,
,,,0.2,,-91,1382,389,1743,20,1823,
,,,,,-73,,398,1752,50,1851,
,,,,,-70,1379,391,1740,100,1841,
,,,,,-73,1380,396,1744,500,1899,
,,,,,-75,1385,,1746,1000,1889,
,,,0.3,,-82,1374,393,1742,20,1824,
,,,,,-73,1380,,,50,1839,
,,,,,-74,1382,397,1745,100,1879,
,,,,,-75,1390,394,1747,500,1869,
,,,,,-74,1389,395,1746,1000,1879,
,,,0.4,,-80,1412,379,1747,20,1848,
,,,,,-69,1398,385,1739,50,1825,
,,,,,-74,1403,392,1749,100,1860,
,,,,,-70,1402,391,1744,500,1886,
,,,,,-76,1401,392,1746,1000,1888,
,,,0.5,,-60,1418,373,1743,20,1794,
,,,,,-78,1435,388,1754,50,1876,
,,,,,-70,1431,382,1745,100,1872,
,,,,,-69,1440,384,1748,500,1865,
,,,,,-71,1438,,1747,1000,1862,
,,,0.6,,-95,1507,361,1745,20,1853,
,,,,,-68,1499,367,1749,50,1841,
,,,,,-67,1497,371,1752,100,1832,
,,,,,-74,1495,373,1751,500,1880,
,,,,,-76,,374,,1000,1873,
,,,0.7,,-65,1537,363,1761,20,1841,
,,,,,-86,1542,371,1760,50,1840,
,,,,,-75,1541,363,1753,100,1868,
,,,,,-68,1542,365,1755,500,1865,
,,,,,-73,1540,364,,1000,1895,
,,,0.8,,-64,1562,352,,20,1862,
,,,,,-76,1572,356,1754,50,1865,
,,,,,-78,1562,361,1756,100,1855,
,,,,,-73,1569,360,1758,500,1899,
,,,,,-72,1570,359,,1000,1889,
,,,0.9,,-79,1581,348,1760,20,1854,
,,,,,-95,1585,356,1761,50,1841,
,,,,,-76,1589,359,,100,1837,
,,,,,-69,,355,,500,1874,
,,,,,-75,1588,358,,1000,1886,
,,,1,,-91,1600,353,,20,1824,
,,,,,-76,1605,356,1766,50,1882,
,,,,,,1591,,1760,100,1848,
,,,,,-74,1597,357,,500,1873,
,,,,,,1596,356,1762,1000,1881,
G8,,,0,1689,-87,1389,392,1754,20,1850,
,,,,,-85,1386,399,1752,50,1864,
,,,,,-75,1377,400,1749,100,1866,
,,,,,-78,1380,402,1753,500,1913,
,,,,,-85,1382,403,1751,1000,1887,
,,,0.1,,-99,1395,398,1761,20,1864,
,,,,,-95,1376,,1753,50,1841,
,,,,,-82,1383,402,1752,100,1854,
,,,,,,1378,401,1750,500,1876,
,,,,,,1381,403,1752,1000,1891,
,,,0.2,,-100,1388,395,1751,20,1850,
,,,,,-69,1385,396,1750,50,1867,
,,,,,-92,1387,403,1753,100,1862,
,,,,,-82,1382,402,1750,500,1881,
,,,,,-84,1383,403,1752,1000,1874,
,,,0.3,,-52,1405,377,1747,20,1856,
,,,,,-68,1375,402,1749,50,1837,
,,,,,-89,1377,404,1750,100,1897,
,,,,,-85,1386,401,,500,1872,
,,,,,-86,1383,,,1000,1885,
,,,0.4,,-93,1401,385,1742,20,1876,
,,,,,-89,1395,399,1751,50,1865,
,,,,,-74,,398,1754,100,1838,
,,,,,-82,1397,401,1752,500,1880,
,,,,,-83,1396,,,1000,1872,
,,,0.5,,-74,1441,381,1757,20,1855,
,,,,,-92,1422,395,,50,1870,
,,,,,-85,1428,392,1748,100,1850,
,,,,,-84,1432,393,1754,500,1877,
,,,,,-86,,394,1753,1000,1892,
,,,0.6,,-45,1498,367,1762,20,1899,
,,,,,-95,1502,377,1757,50,1869,
,,,,,-100,1495,381,1759,100,1873,
,,,,,-86,1498,380,1757,500,1878,
,,,,,-89,1497,381,1759,1000,1890,
,,,0.7,,-90,1551,362,1760,20,1844,
,,,,,-72,1540,368,1763,50,1862,
,,,,,-95,1545,373,1764,100,1868,
,,,,,-81,1549,370,,500,1887,
,,,,,-82,1547,372,1763,1000,1908,
,,,0.8,,-89,1571,356,1766,20,1842,
,,,,,-77,1573,359,1762,50,1851,
,,,,,-100,1580,370,1773,100,1866,
,,,,,-89,1577,368,1769,500,1891,
,,,,,-83,1580,366,1768,1000,1908,
,,,0.9,,-68,1595,354,1759,20,1890,
,,,,,-83,1608,360,1773,50,1886,
,,,,,-81,1607,362,,100,1880,
,,,,,-92,1601,363,1769,500,1883,
,,,,,-83,1603,364,1772,1000,1893,
,,,1,,-85,1592,350,1763,20,1869,
,,,,,-97,1618,356,1766,50,1880,
,,,,,-90,1613,358,1773,100,1872,
,,,,,-84,1611,361,1769,500,1895,
,,,,,-88,1610,,1771,1000,1901,
G9,,,0,1651,-50,1423,389,1791,20,1895,
,,,,,-15,1425,394,1786,50,1879,
,,,,,-33,1423,396,1790,100,1903,
,,,,,-31,,401,1793,500,1933,
,,,,,-29,1427,399,1792,1000,1932,
,,,0.1,,-41,1430,389,1793,20,1902,
,,,,,-29,1425,390,1786,50,1872,
,,,,,-32,1426,394,1789,100,1928,
,,,,,-37,1424,400,1790,500,1905,
,,,,,-32,1425,399,1792,1000,1940,
,,,0.2,,-49,1434,391,1794,20,1911,
,,,,,-26,1426,388,1789,50,1904,
,,,,,-20,1428,393,1790,100,1892,
,,,,,-31,1424,400,1794,500,1910,
,,,,,-34,1429,399,1793,1000,1912,
,,,0.3,,-23,1431,385,1786,20,1863,
,,,,,-36,1426,394,1790,50,1894,
,,,,,-39,1425,398,1787,100,1895,
,,,,,-33,1430,397,1792,500,1918,
,,,,,-32,1429,398,1790,1000,1921,
,,,0.4,,-42,1431,392,,20,1883,
,,,,,-40,1440,,1789,50,1884,
,,,,,-47,1443,398,1797,100,1930,
,,,,,-30,1447,392,1791,500,1963,
,,,,,-32,1445,395,1793,1000,1919,
,,,0.5,,-47,1474,384,1795,20,1909,
,,,,,-27,1484,385,1794,50,1905,
,,,,,-25,1480,389,1801,100,1881,
,,,,,-32,1485,,1794,500,1917,
,,,,,-34,1481,388,,1000,1921,
,,,0.6,,-19,1538,365,,20,1877,
,,,,,-29,1548,374,1802,50,1904,
,,,,,-50,1546,375,1796,100,1923,
,,,,,-31,1543,376,1798,500,1944,
,,,,,-30,1544,374,1794,1000,1943,
,,,0.7,,-36,1584,363,1793,20,1930,
,,,,,-41,1586,370,1805,50,1890,
,,,,,-26,1589,364,1802,100,1905,
,,,,,-32,1591,368,,500,,
,,,,,-30,1589,367,1800,1000,1928,
,,,0.8,,6,1617,348,1804,20,1900,
,,,,,-46,1616,361,1807,50,1909,
,,,,,-15,1618,358,1806,100,1913,
,,,,,-34,1619,362,1804,500,1914,
,,,,,-30,1616,,,1000,1964,
,,,0.9,,-38,1633,352,1805,20,1892,
,,,,,-22,1641,356,1806,50,1929,
,,,,,-32,1637,357,1805,100,1892,
,,,,,,1638,,1807,500,1923,
,,,,,,1639,359,1806,1000,1945,
,,,1,,-52,1648,349,1810,20,1908,
,,,,,-38,1642,,1797,50,1866,
,,,,,-32,1649,355,1808,100,1960,
,,,,,-30,1647,358,,500,1929,
,,,,,-37,1648,357,,1000,,
